rank,name,score,layer,category,url,status,languages,regions,region_label,country,owner,ownership_model,editorial_orientation,access,format,publishes,recommended_frequency,trust_30,regional_20,niche_15,pluralism_10,theme_10,language_5,signal_5,format_5,portfolio_modifier,modifier_reason,description,what_makes_it_distinct
1,The Reporter (報導者),94,Regional,Nonprofit Investigative Journalism,https://www.twreporter.org,Active,ZH-Hant / EN,Taiwan and Greater China,Taiwan,Taiwan,The Reporter Cultural Foundation (財團法人報導者文化基金會),Nonprofit,"Independent, public interest",Free,"Longform investigations, data journalism, podcast",Daily,Daily,26,20,13,8,9,5,5,4,4,Donation funded nonprofit; investigative depth in Traditional Chinese,"Taiwan's nonprofit investigative newsroom, founded in 2015 and run by The Reporter Cultural Foundation on public donations. Use it for long investigations and data journalism in Traditional Chinese on labour, migration, environment and social policy that Taiwan's commercial press rarely funds.","A donation funded Taiwanese newsroom whose long investigations appear first in Traditional Chinese, with selected English translations."
2,The New Humanitarian,91,Specialist,Humanitarian Affairs,https://www.thenewhumanitarian.org,Active,EN / FR / AR,Global / Sub-Saharan Africa / Middle East and North Africa / Switzerland,Global / Crisis Zones,Switzerland,The New Humanitarian,Nonprofit,"Independent, humanitarian accountability",Free,"Field reporting, analysis, investigations, newsletters, podcasts",Daily,Daily,25,16,15,7,10,4,5,5,4,Nonprofit; direct fit with humanitarian work; Sahel and crisis zone reporting,"The New Humanitarian is an independent nonprofit newsroom based in Geneva, founded in 1995 as IRIN inside the United Nations, independent since 2015 and renamed in 2019. Use it for field reporting on crises and for critical coverage of aid policy, funding cuts and reform of the humanitarian system.",The only newsroom devoted entirely to humanitarian crises and to holding the aid sector itself to account.
3,Statistics Canada,88,Research,Canadian Official Statistics,https://www.statcan.gc.ca,Active,EN / FR,Canada and Quebec,Canada,Canada,Government of Canada,Government,"Official, nonpartisan",Free,"Data tables, The Daily releases, census profiles, boundary files, reports",Daily,As Needed,27,17,14,6,9,5,4,5,1,Primary data source for the top priority geography,"Statistics Canada is the national statistical office of the Government of Canada, established in 1971 as successor to the Dominion Bureau of Statistics and responsible for the census and official economic and social data. Use The Daily for new releases and the census profiles and boundary files for mapping work in English or French.","The source of Canadian census geography, boundary files and official indicators that every other Canadian outlet cites."
4,Eye on the Arctic,87,Regional,Circumpolar Arctic News,https://www.rcinet.ca/eye-on-the-arctic/,Active,EN / FR,Arctic and Indigenous / Canada and Quebec,Circumpolar Arctic,Canada,CBC/Radio-Canada (Radio Canada International),Public Broadcaster,"Public service, nonpartisan",Free,"Articles, video documentaries, partner stories",Several per Week,Three Times a Week,24,19,13,8,9,4,4,3,3,Arctic and Inuit coverage is underserved elsewhere,"Circumpolar news project run by Radio Canada International at CBC/Radio-Canada, combining its own reporting with stories from partner newsrooms across the Arctic states. Use it for northern communities, Inuit governance, climate, shipping and security, in English with a French counterpart, Regard sur l'Arctique.",A public broadcaster's dedicated Arctic desk pooling reporting from newsrooms in several circumpolar countries.
5,Initium Media (端傳媒),87,Regional,Sinophone Independent Journalism,https://theinitium.com,Active,ZH-Hant / ZH-Hans,Taiwan and Greater China,Taiwan / Hong Kong / China / Sinophone,Singapore,Initium Media Technology Limited,Reader Funded Independent,"Liberal, independent",Paid,"Long form reports, essays, newsletters, podcasts",Daily,Daily,23,19,12,8,8,5,5,4,3,Independent subscriber funded Sinophone outlet in Traditional Chinese,"Initium Media is an independent Chinese language digital outlet founded in Hong Kong in 2015 and headquartered in Singapore since 2021, funded mainly by subscribers. Use it for long investigations and essays that compare Taiwan, Hong Kong, mainland China and the diaspora in Traditional Chinese, with a Simplified option.","Subscriber funded long form journalism that reports across Taiwan, Hong Kong and mainland China for the whole Sinophone world."
6,The Narwhal,87,Specialist,Canadian Environmental Investigations,https://thenarwhal.ca,Active,EN,Canada and Quebec / Arctic and Indigenous,Canada,Canada,The Narwhal News Society,Nonprofit,"Independent, environmental public interest",Free,"Investigations, features, photojournalism, newsletter",Daily,Daily,24,19,13,6,10,2,5,4,4,Reader funded nonprofit; Canadian environment and Indigenous land reporting in depth,"The Narwhal is a nonprofit online magazine published by The Narwhal News Society, founded in Victoria, British Columbia in 2018, with reporters in British Columbia, the Prairies and Ontario. Use it for investigative reporting on Canadian land, water, energy and Indigenous rights that the national dailies cover only in passing.","A reader funded Canadian newsroom devoted entirely to environment and Indigenous rights investigations, with strong photojournalism."
7,Dialogue Earth (formerly China Dialogue 中外对话),86,Specialist,Climate / China and Global South,https://dialogue.earth,Active,Multi / EN / ZH-Hans / ES / PT / ID,Taiwan and Greater China / Global / Latin America and Brazil / South Asia / Southeast Asia,China / Global South,United Kingdom,China Dialogue Trust (operating as Dialogue Earth),Nonprofit,"Independent, environmental, nonpartisan",Free,"Articles, analysis, explainers, newsletters, podcasts",Several per Week,Three Times a Week,23,17,13,7,10,4,5,4,3,Nonprofit; bilingual bridge on China's environmental footprint across the Global South,"Dialogue Earth is the London based nonprofit founded in 2006 by Isabel Hilton as China Dialogue and renamed in 2024, when it merged its regional sites into one platform. Use it for environmental reporting from China, Latin America and South and Southeast Asia, much of it published in Chinese and Spanish.",Commissions local journalists in China and across the Global South and publishes environmental reporting in parallel languages.
8,Mongabay,86,Specialist,Biodiversity / Forests / Conservation,https://news.mongabay.com,Active,EN / FR / ES / PT / ID,Global / Southeast Asia / Latin America and Brazil / Sub-Saharan Africa / South Asia,Global tropics,United States,Mongabay.org Corporation,Nonprofit,"Science based, independent",Free,"News, investigations, podcasts, video, data",Daily,Three Times a Week,24,17,14,7,8,5,5,4,2,Local reporters across the Global South; nonprofit,"Mongabay is a nonprofit environmental news service founded by Rhett Butler in 1999, with bureaus and local reporters in Latin America, Africa, India and Southeast Asia. Read it for original reporting on forests, oceans, biodiversity and Indigenous land rights, in English, French, Spanish, Portuguese, Indonesian and Hindi.","A large network of local environmental reporters in tropical countries, with separate language bureaus."
9,Rest of World,86,Specialist,Technology / Global South,https://restofworld.org,Active,EN,Global / Southeast Asia / South Asia / Sub-Saharan Africa / Latin America and Brazil / Taiwan and Greater China,Global South,United States,Rest of World (founded and funded by Sophie Schmidt),Nonprofit,"Independent, global technology reporting",Free,"Features, news, data stories, newsletters",Daily,Three Times a Week,23,17,14,7,10,2,5,4,4,Nonprofit; technology and labour reporting from priority Global South regions,"Rest of World is a nonprofit newsroom based in New York, founded in 2020 by Sophie Schmidt, with reporters and editors across Asia, Africa, Latin America and the Middle East. Use it for original reporting on how platforms, AI, gig work and electric vehicles reshape life and labour outside Western markets.","The only newsroom reporting technology entirely from outside North America and Western Europe, using locally based correspondents."
10,APTN News,85,Regional,Indigenous News / Canada,https://www.aptnnews.ca,Active,EN / FR,Canada and Quebec / Arctic and Indigenous,Canada and Indigenous nations,Canada,Aboriginal Peoples Television Network (APTN),Nonprofit,"Indigenous perspectives, independent",Free,"Television news, articles, investigations, podcasts",Daily,Three Times a Week,23,20,11,7,6,3,4,4,7,Indigenous run national newsroom in a priority geography,"APTN News is the news service of the Aboriginal Peoples Television Network, a nonprofit Indigenous broadcaster based in Winnipeg with bureaus across Canada. Follow it for daily reporting, investigations and current affairs programs on First Nations, Inuit and Métis communities, told by Indigenous journalists.",The only national news service in Canada run by and for Indigenous peoples.
11,CommonWealth Magazine (天下雜誌),85,Regional,Taiwan Business / Policy,https://www.cw.com.tw,Active,ZH-Hant / EN,Taiwan and Greater China,Taiwan,Taiwan,CommonWealth Magazine Group (天下雜誌群),Commercial,"Centrist, reform minded",Freemium,"Biweekly magazine, features, data journalism, podcasts, English edition",Daily,Three Times a Week,24,20,11,7,8,5,4,4,2,Independent Taiwanese publisher; depth in Traditional Chinese,"CommonWealth Magazine is a long established Taiwanese business and current affairs biweekly, founded in 1981 by Diane Ying (殷允芃) and published by the independent CommonWealth Magazine Group in Taipei. Use it in Traditional Chinese for long reporting on industry, semiconductors, education, local government and social change, with selected stories in English.","Four decades of independent Taiwanese economic and social reporting, with annual surveys of cities, companies and public opinion."
12,International Crisis Group,85,Research,Conflict Analysis / Peace,https://www.crisisgroup.org,Active,EN / FR / ES / AR,Global,Global conflict zones,Belgium,International Crisis Group,Think Tank,"Conflict prevention, independent",Free,"Reports, briefings, monthly conflict tracker, podcasts",Several per Week,Weekly,23,17,14,7,8,4,5,4,3,"Field analysis of the Sahel, Central Asia and Myanmar","International Crisis Group is an independent organization based in Brussels whose analysts produce field based reports and briefings on armed conflicts and political crises worldwide. Use its CrisisWatch monthly tracker and regional reports for context on the Sahel, Central Asia, Myanmar and other places where humanitarian operations run.",CrisisWatch gives a consistent monthly reading of whether each conflict is deteriorating or improving.
13,"UNHCR, the UN Refugee Agency",85,Research,Refugees / Displacement Data,https://www.unhcr.org,Active,Multi / EN / FR / ES / AR / RU / JA / ZH-Hans,Global,Global,Switzerland,United Nations High Commissioner for Refugees,Intergovernmental,"Institutional, humanitarian mandate",Free,"Reports, statistics, data portals, news stories",Daily,Weekly,25,14,15,6,10,5,4,4,2,Primary displacement data that no newsroom replaces,"The United Nations refugee agency, based in Geneva, which publishes displacement statistics, operational data portals, the annual Global Trends report and field stories. Use it as the primary source for refugee and asylum figures and maps, and check advocacy claims against its Refugee Data Finder.","The primary source of global forced displacement statistics, with operational data portals covering each emergency."
14,Bellingcat,84,Specialist,Open Source Investigation,https://www.bellingcat.com,Active,EN / RU / FR / ES / DE,Global / Russia and Central Asia / Europe / Middle East and North Africa,Global / Russia / Conflict Zones,Netherlands,Stichting Bellingcat,Nonprofit,"Independent, evidence led",Free,"Investigations, method guides, toolkit, newsletter",Several per Week,Three Times a Week,24,13,15,6,9,3,5,5,4,Geospatial verification methods fill a disciplinary gap; nonprofit foundation,"Bellingcat is an investigative collective run by Stichting Bellingcat, a Dutch foundation based in Amsterdam, founded by Eliot Higgins in 2014. It uses satellite imagery, geolocation and public data to verify events in conflicts, and publishes its methods and tools, which a GIS practitioner can reuse directly.",Publishes its geolocation and open source verification methods as reusable guides alongside each investigation.
15,Intact Centre on Climate Adaptation,84,Research,Flood and Climate Adaptation Research,https://www.intactcentreclimateadaptation.ca,Active,EN / FR,Canada and Quebec,Canada,Canada,University of Waterloo,Academic,"Applied research, industry funded",Free,"Reports, standards guidance, webinars",Monthly,Monthly,21,17,14,5,10,3,5,4,5,Fills the Canadian flood resilience gap,"The Intact Centre at the University of Waterloo produces applied research and practical guidance on reducing flood, wildfire and heat risk for Canadian homes, communities and infrastructure, often feeding national standards. Read it as Canadian adaptation evidence, noting its founding funding from an insurer.",Turns Canadian flood and heat risk research into checklists and standards for homeowners and municipalities.
16,International Labour Organization (ILO),84,Research,Labour Standards / Statistics,https://www.ilo.org,Active,EN / FR / ES,Global / Switzerland,Global,Switzerland,International Labour Organization,Intergovernmental,"Tripartite, institutional",Free,"Reports, statistics, standards databases, news, podcasts",Several per Week,Weekly,26,11,15,7,10,5,4,4,2,"Primary source for labour and SDG 8, in French and English","The International Labour Organization is the United Nations specialized agency for the world of work, founded in 1919 and based in Geneva, governed jointly by governments, employers and workers. Use ILOSTAT for labour statistics, NORMLEX for conventions and ratifications, and flagship reports such as World Employment and Social Outlook for SDG 8 evidence.","The only tripartite United Nations agency, and the custodian of international labour standards and SDG 8 indicators."
17,La Presse,84,Anchor,Quebec General News,https://www.lapresse.ca,Active,FR,Canada and Quebec,Quebec and Canada,Canada,"La Presse Inc., held by a social utility trust (fiducie d'utilité sociale)",Nonprofit,"Centrist, federalist tradition",Free,"Articles, investigations, newsletters, mobile apps",Continuous,Daily,25,20,8,8,7,5,4,4,3,Home city daily in French; nonprofit trust ownership,"Montreal's largest French language daily, published only in digital form and held since 2018 by a nonprofit social trust. Use it as the daily French baseline for Quebec and Canadian politics, city affairs, investigations and culture, free to read and supported by advertising and donations.",A major metropolitan daily converted to a nonprofit trust structure and published entirely online without a paywall.
18,Le Devoir,84,Anchor,Quebec Daily Newspaper,https://www.ledevoir.com,Active,FR,Canada and Quebec,Quebec / Canada,Canada,Le Devoir Inc.,Family or Trust Owned,"Independent, social democratic, Quebec nationalist",Freemium,"Articles, analysis, opinion, newsletters, podcasts, data journalism",Daily,Daily,25,20,8,7,8,5,4,4,3,Independent ownership; home geography covered in French,"Le Devoir is the independent Montreal daily founded by Henri Bourassa in 1910, published by Le Devoir Inc. under a trust structure that shields it from chain ownership. Use it as the French language paper of record for Quebec politics, culture, ideas and education, alongside Radio-Canada and La Presse.","Quebec's only independent daily of record, outside every chain and sustained by subscribers and donors for over a century."
19,Le Monde,84,Anchor,General / International News,https://www.lemonde.fr,Active,FR / EN,Europe / Global / Sub-Saharan Africa,France / Global / Francophone Africa,France,Groupe Le Monde (controlled through Le Monde Libre and the Fonds pour l'indépendance de la presse),Family or Trust Owned,"Centre left, institutional",Freemium,"Articles, analysis, newsletters, podcasts",Continuous,Three Times a Week,26,18,8,8,8,5,4,5,2,Core French language anchor with strong Africa desk,"Le Monde is the French daily of record, published in Paris by Groupe Le Monde, with newsroom independence protected by a bloc of journalist and staff shareholders. Read it daily in French for France, Europe and Francophone Africa, and use Le Monde in English when sharing pieces.","The French language baseline for international news, with a dedicated Africa desk and a parallel English edition."
20,Policy Options / Options politiques,84,Specialist,Canadian Public Policy,https://policyoptions.irpp.org,Active,EN / FR,Canada and Quebec,Canada,Canada,Institute for Research on Public Policy (IRPP),Think Tank,"Nonpartisan, policy centred",Free,"Commentary, analysis, podcast, newsletter",Several per Week,Three Times a Week,22,17,12,8,9,5,4,4,3,Montreal think tank magazine with original French content,"Policy Options is the bilingual digital magazine of the Institute for Research on Public Policy, a Montreal think tank, publishing commentary by researchers and practitioners on Canadian public policy. Use it to follow federal and provincial debates on climate adaptation, labour, housing, technology and Indigenous governance.",A bilingual forum where Canadian researchers and officials argue policy in plain language for general readers.
21,PreventionWeb (UNDRR),84,Research,Disaster Risk Reduction Knowledge,https://www.preventionweb.net,Active,EN,Global,Global,Switzerland,United Nations Office for Disaster Risk Reduction (UNDRR),Intergovernmental,"Institutional, multilateral",Free,"News, publications, policy tracker, newsletter",Daily,Weekly,24,12,15,6,10,2,4,5,6,Fills the disaster risk reduction gap at its institutional core,"PreventionWeb is the knowledge platform of the UN Office for Disaster Risk Reduction, collecting research, policy documents, news and events on disaster risk and the Sendai Framework. Use it to find the evidence base and country policies behind flood preparedness, early warning and resilience work.","The central clearinghouse for global disaster risk reduction literature, policy and Sendai Framework monitoring."
22,Radio-Canada,84,Anchor,Public Broadcaster,https://ici.radio-canada.ca,Active,FR,Canada and Quebec / Arctic and Indigenous,"Quebec, Canada and Francophone Communities",Canada,CBC/Radio-Canada (Société Radio-Canada),Public Broadcaster,"Public service, centrist",Free,"Articles, radio, television, video, podcasts",Continuous,Daily,26,20,7,8,7,5,4,5,2,Home geography in French; distinct newsroom from CBC English,"The French language service of Canada's national public broadcaster, a Crown corporation with its French headquarters in Montreal and newsrooms across the country. Use it as the daily French baseline for Quebec and federal news, with the investigative program Enquête and the Espaces autochtones desk for Indigenous coverage.","The only French language newsroom with stations in every Canadian region, including a dedicated Indigenous desk."
23,Carbon Brief,83,Specialist,Climate Science / Policy,https://www.carbonbrief.org,Active,EN,Global / Europe,Global / United Kingdom,United Kingdom,Carbon Brief Ltd,Nonprofit,"Science based, nonpartisan",Free,"Explainers, data analysis, fact checks, newsletters",Daily,Three Times a Week,26,11,15,7,10,2,5,5,2,Foundation funded specialist with open data; already among the assumed climate nonprofits,"Carbon Brief is a London based website on climate science, climate policy and energy policy, edited by Leo Hickman and funded mainly by the European Climate Foundation. Use it for explainers, data analysis and fact checks, and for its daily and weekly briefings that digest climate coverage elsewhere.","Publishes its data and methods with each analysis, so its charts and emissions calculations can be checked and reused."
24,Copernicus Emergency Management Service,83,Research,Emergency Mapping / Early Warning,https://emergency.copernicus.eu,Active,EN,Global / Europe,Global / Europe,European Union,European Commission (Joint Research Centre),Intergovernmental,"Institutional, technical",Free,"Rapid mapping activations, flood and fire early warning systems",Continuous,As Needed,25,10,15,5,10,2,5,5,6,Primary geospatial evidence for humanitarian mapping,"The Copernicus Emergency Management Service provides satellite based rapid mapping after disasters and runs early warning systems for floods, droughts and wildfires, including GloFAS and EFAS. Use its activation pages and map products as primary geospatial evidence during and after a crisis.","Publishes the actual satellite damage and flood extent maps that responders use, often within days of an event."
25,IPCC (Intergovernmental Panel on Climate Change),83,Research,Climate Science Assessment,https://www.ipcc.ch,Active,EN / FR / ES / ZH-Hans / AR / RU,Global,Global,Switzerland,Intergovernmental Panel on Climate Change (established by WMO and UNEP),Intergovernmental,"Scientific consensus, intergovernmental",Free,"Assessment reports, summaries for policymakers, interactive atlas, data",Irregular,As Needed,27,9,15,8,10,4,5,3,2,Primary intergovernmental evidence base that no news outlet replaces,"The United Nations body for assessing climate science, created by the World Meteorological Organization and the UN Environment Programme and hosted in Geneva. Read the summaries for policymakers and regional chapters as primary evidence on flood risk, adaptation limits and mitigation pathways, and use the Interactive Atlas for mapped projections.",Line by line government approval of its summaries makes every sentence a negotiated scientific and diplomatic baseline.
26,Le Temps,83,Anchor,Swiss Francophone Daily,https://www.letemps.ch,Active,FR,Switzerland / Europe,Switzerland / Francophone Europe,Switzerland,Le Temps SA (Fondation Aventinus),Family or Trust Owned,"Centre, liberal",Freemium,"Articles, newsletters, podcasts, video, data journalism",Daily,Three Times a Week,25,19,7,8,8,5,4,4,3,Foundation owned; Swiss and international Geneva coverage in French,"Le Temps is the French language daily of record for western Switzerland, founded in 1998, based in Geneva and owned since 2021 by the nonprofit Fondation Aventinus. Use it for Swiss federal politics, international Geneva and the UN system, finance, science and culture seen from Suisse romande.","The French language paper of record for Switzerland, owned by a Geneva foundation and close to international Geneva."
27,Nikkei Asia,83,Regional,Asian Business / Politics,https://asia.nikkei.com,Active,EN,Japan and Korea / Southeast Asia / Taiwan and Greater China / South Asia,Asia,Japan,Nikkei Inc.,Employee Owned,"Centrist, business oriented",Paid,"Articles, analysis, newsletters, weekly magazine",Continuous,Three Times a Week,25,18,13,7,8,2,4,4,2,Asian newsroom view; shares an owner with the FT,"English language Asian business and politics publication of Nikkei Inc. in Tokyo, drawing on Nikkei's bureaus across the region. Use it for supply chains, semiconductors, Japanese corporate and policy news, and reporting from Taiwan, China and Southeast Asia written from an Asian newsroom.","Asia's largest business newsroom reporting in English, with particular strength on semiconductors and supply chains."
28,OCCRP (Organized Crime and Corruption Reporting Project),83,Specialist,Cross Border Investigations / Corruption,https://www.occrp.org,Active,EN / RU,Global / Europe / Russia and Central Asia,Global / Eastern Europe / Central Asia,Netherlands,Journalism Development Network,Nonprofit,"Investigative, anti corruption",Free,"Investigations, data projects, daily news, document database",Daily,Three Times a Week,24,17,14,6,7,3,5,4,3,Nonprofit network with Central Asia and Caucasus reporting partners,"OCCRP is a nonprofit investigative network founded in 2007 by Drew Sullivan and Paul Radu, headquartered in Amsterdam, that works with partner newsrooms across Eastern Europe, Central Asia, Africa and Latin America. Use it for cross border investigations into money laundering, kleptocracy and organized crime, and for its Aleph document database.",A network of dozens of partner newsrooms that publishes joint investigations and shares a searchable archive of leaked records.
29,Red Cross Red Crescent Climate Centre,83,Research,Climate Risk / Anticipatory Action,https://www.climatecentre.org,Active,EN / FR / ES,Global,Global,Netherlands,Red Cross Red Crescent Climate Centre (reference centre of the IFRC),Nonprofit,"Humanitarian, evidence based",Free,"News, reports, guidance, games",Weekly,Weekly,23,12,14,6,10,3,5,4,6,Bridges hazard science and humanitarian practice,"The Climate Centre is the Red Cross and Red Crescent reference centre on climate and extreme weather, supporting National Societies with forecast based action, heatwave guides and climate risk analysis. Use it for practice notes on anticipatory action and early warning that connect science to humanitarian operations.",Translates climate science into early action protocols used by Red Cross and Red Crescent societies worldwide.
30,SWI swissinfo.ch,83,Anchor,Swiss Public Media,https://www.swissinfo.ch,Active,Multi / EN / FR / ZH-Hans / JA / ES / AR / RU,Switzerland / Europe,Switzerland,Switzerland,Swiss Broadcasting Corporation (SRG SSR),Public Broadcaster,"Centrist, public service",Free,"Articles, explainers, video, podcasts, newsletters",Daily,Three Times a Week,25,19,8,8,8,5,4,4,2,"Ten parallel editions support Japanese, French and Chinese reading","SWI swissinfo.ch is the international service of the Swiss Broadcasting Corporation, publishing in ten languages on Swiss politics, direct democracy, science, business and international Geneva. Use it to follow Switzerland in English or French and to read the same stories in Japanese, Chinese, Spanish, Arabic or Russian.","Covers one small federal country in ten languages, with a dedicated desk on international Geneva."
31,Agence France-Presse (AFP),82,Anchor,Global Wire Service,https://www.afp.com,Active,FR / EN / ES / PT / DE / AR,Global / Europe,Global,France,Agence France-Presse,Wire Cooperative,"Impartial, wire standards",Freemium,"Wire text, photo, video, fact checks",Continuous,Daily,29,16,8,8,6,5,5,3,2,French language wire balancing the Anglophone agencies,"Agence France-Presse is the global news agency headquartered in Paris, operating under a 1957 French statute that guarantees its independence, with bureaus in about 150 countries. Use its French wire and its fact checking service to cross check Reuters and Associated Press, especially on Africa and the Middle East.",The only one of the three global wires that works first in French.
32,ReliefWeb,82,Research,Humanitarian Information Service,https://reliefweb.int,Active,EN / FR / ES,Global,Global / Crisis Zones,United States,UN Office for the Coordination of Humanitarian Affairs (OCHA),Intergovernmental,"Humanitarian, institutional",Free,"Situation reports, maps, data, job listings, API",Continuous,Weekly,24,13,15,6,10,4,4,5,1,Aggregator penalty offset by unique humanitarian map and report archive,"ReliefWeb is the humanitarian information service of the UN Office for the Coordination of Humanitarian Affairs, collecting situation reports, maps and assessments from thousands of agencies and governments. Use it as the working reference for any active crisis, filtering by country, disaster type or map format.","The largest curated archive of humanitarian situation reports and operational maps, searchable by crisis, country and source."
33,The Conversation,82,Specialist,Academic Journalism,https://theconversation.com,Active,EN / FR / ES / ID / PT,Global / Canada and Quebec / Europe / Sub-Saharan Africa / Southeast Asia,Global (National Editions),Australia,The Conversation Media Group and affiliated national nonprofits,Nonprofit,"Academic, nonpartisan",Free,"Analysis articles, explainers, newsletters, podcasts",Daily,Three Times a Week,24,14,10,8,9,5,4,5,3,Nonprofit academic network with Canadian English and French editions,"The Conversation is a nonprofit network of national editions in which academics write news analysis and explainers with professional editors, published under a Creative Commons licence. Use the Canadian editions in English and French for research based context on policy, climate and technology, and the other editions for regional expertise.","Every article is written by a named academic with a funding disclosure, and can be republished freely."
34,China Media Project,81,Specialist,China Media Analysis,https://chinamediaproject.org,Active,EN,Taiwan and Greater China,"China, Hong Kong and Taiwan",Taiwan,China Media Project,Nonprofit,"Research based, independent",Free,"Analysis articles, term dictionary, newsletter",Several per Week,Three Times a Week,22,15,14,6,8,3,5,4,4,Fills a discourse analysis gap; independent nonprofit,"China Media Project is an independent research organization, founded in 2004 at the University of Hong Kong and directed by David Bandurski, that analyzes official discourse, propaganda and journalism in the People's Republic of China. Use its dictionary of political terms to read Chinese state media critically.",The CMP Dictionary decodes Chinese Communist Party phrases and how official media deploy them.
35,Eurasianet,81,Regional,Central Asia / Caucasus,https://eurasianet.org,Active,EN / RU,Russia and Central Asia,"Central Asia, Caucasus and Eurasia",United States,Eurasianet (independent nonprofit hosted at Columbia University's Harriman Institute),Nonprofit,"Independent, rights attentive",Free,"Articles, analysis, newsletter",Daily,Three Times a Week,22,18,11,7,6,3,4,4,6,Underserved Central Asia and Caucasus; independent nonprofit,"An independent nonprofit newsroom hosted at Columbia University's Harriman Institute in New York, reporting on Central Asia, the Caucasus and their neighbours through local correspondents. Use it as the main English language window on Kazakhstan, Kyrgyzstan, Tajikistan, Uzbekistan and Turkmenistan, with attention to labour migration, water and governance.","Sustained local correspondent reporting from all five Central Asian republics in English, which almost no other outlet offers."
36,Financial Times,81,Anchor,Economics / Geopolitics,https://www.ft.com,Active,EN,Global / Europe,"Global, strongest on Europe and Asia",United Kingdom,"Nikkei, Inc.",Commercial,"Market liberal, internationalist",Paid,"Articles, analysis, newsletters, podcasts",Continuous,Three Times a Week,26,16,12,7,9,2,4,5,0,Baseline paper of record already assumed in the portfolio,"The Financial Times is a London daily owned by Nikkei that covers global business, finance, economic policy and geopolitics through a large correspondent network. Use it for rigorous reporting on trade, central banks, industrial policy and the economics of technology and climate.",A business daily whose foreign bureaus make economic policy legible across Europe and Asia.
37,Nunatsiaq News,81,Regional,Nunavut / Nunavik / Inuit,https://nunatsiaq.com,Active,EN / IU,Arctic and Indigenous / Canada and Quebec,Nunavut / Nunavik / Arctic,Canada,Nortext Publishing Corporation,Commercial,"Local, independent",Free,"Articles, weekly newspaper, editorials",Daily,Three Times a Week,21,19,11,7,6,3,4,3,7,Arctic and Inuit coverage is an underserved geography,"Nunatsiaq News is the newspaper of record for Nunavut and Nunavik, published by Nortext Publishing Corporation with a newsroom in Iqaluit. Use it for reporting on Inuit governance, housing, climate, health and infrastructure in the eastern Arctic, with some content in Inuktitut.","Weekly local reporting from Nunavut and Nunavik, with Inuktitut alongside English."
38,Small Axe: A Caribbean Journal of Criticism,81,Research,Caribbean Criticism / Arts,https://read.dukeupress.edu/small-axe,Active,EN,Caribbean,Caribbean and its diasporas,United States,"Small Axe Inc., published by Duke University Press",Academic,"Critical, postcolonial scholarship",Paid,"Peer reviewed essays, visual art, book discussions",Quarterly,Per Issue,24,13,14,6,8,2,5,3,6,Caribbean scholarship and arts criticism from an academic publisher,"Small Axe is a peer reviewed journal of Caribbean criticism edited by the anthropologist David Scott and published three times a year by Duke University Press. Read it for essays on Caribbean intellectual history, literature and visual art, and see the free companion projects of the Small Axe Project at smallaxe.net.","The leading forum for Caribbean intellectual criticism, linking scholarship with commissioned visual art projects."
39,The Bureau of Investigative Journalism,81,Specialist,Investigative Journalism,https://www.thebureauinvestigates.com,Active,EN,Europe / Global,United Kingdom and global,United Kingdom,The Bureau of Investigative Journalism,Nonprofit,"Public interest, investigative",Free,"Investigations, data, newsletters",Several per Week,Three Times a Week,25,15,13,7,8,2,5,4,2,British nonprofit investigations; adds ownership diversity,"The Bureau of Investigative Journalism is a nonprofit newsroom in London, founded in 2010 and funded by foundations and donors. Use it for long investigations into global health, big technology, the environment, corporate power and British public services, often published with partner outlets.",A British nonprofit that runs investigations for months and releases them through partner newsrooms.
40,The Globe and Mail,81,Anchor,Canadian National News,https://www.theglobeandmail.com,Active,EN,Canada and Quebec,Canada,Canada,The Woodbridge Company (Thomson family),Family or Trust Owned,"Centrist, business friendly",Freemium,"Articles, investigations, newsletters, podcasts",Continuous,Three Times a Week,26,20,9,8,8,2,4,4,0,National paper of record; partly overlaps CBC coverage,"Canada's national newspaper, published in Toronto and owned by the Thomson family's Woodbridge Company. Use it for federal politics, business, investigations and Indigenous affairs coverage, and as the English language record against which smaller Canadian outlets can be read.",The national English daily with Canada's largest business desk and a long record of investigative reporting.
41,World Weather Attribution,81,Research,Extreme Event Attribution Science,https://www.worldweatherattribution.org,Active,EN,Global,Global,United Kingdom,World Weather Attribution (academic collaboration led from Imperial College London),Academic,"Scientific, nonpartisan",Free,"Rapid attribution studies, methods papers",Irregular,Every Two Weeks,24,10,15,6,10,2,5,4,5,Unique hazard attribution role,"World Weather Attribution is an academic collaboration that publishes rapid studies on how climate change altered the likelihood and intensity of specific heatwaves, floods, droughts and storms, with published methods and vulnerability analysis. Use it to ground claims about a single extreme event in evidence.","Rapid, event by event attribution that pairs climate modelling with an analysis of who was exposed and why."
42,El Faro,80,Regional,Central America Investigative,https://elfaro.net,Active,ES / EN,Latin America and Brazil,El Salvador and Central America,Costa Rica,Fundación Periódica,Nonprofit,"Investigative, independent",Free,"Investigations, chronicles, audio, documentary, English edition",Daily,Three Times a Week,24,16,10,7,6,4,5,4,4,Exile nonprofit newsroom covering underserved Central America,"El Faro is a digital newspaper founded in San Salvador in 1998, now published by Fundación Periódica in Costa Rica after moving its legal base in 2023 under government pressure. Read its investigations on corruption, gangs, migration and democratic decline in Central America, in Spanish with a selection in English.","An early digital native newspaper in Latin America, still reporting on El Salvador from exile."
43,Eurostat,80,Research,European Official Statistics,https://ec.europa.eu/eurostat,Active,EN / FR / DE,Europe / Switzerland,European Union and Europe,Luxembourg,European Commission,Intergovernmental,"Official statistics, nonpartisan",Free,"Databases, Statistics Explained articles, visualizations, GISCO geodata",Daily,As Needed,26,11,14,8,7,4,5,4,1,Primary statistical source with geodata useful for mapping,"The statistical office of the European Union, a directorate general of the European Commission based in Luxembourg that harmonizes data from national institutes. Use its database, Statistics Explained articles and GISCO geographic datasets for comparable figures on labour, migration, climate and regions, including Switzerland and other EFTA states.","Harmonized statistics with matching NUTS boundary files, so European regional data can be mapped directly."
44,IStories (Важные истории),80,Regional,Russia Investigative Journalism,https://istories.media,Active,RU / EN,Russia and Central Asia,Russia,Latvia,IStories (founded by Roman Anin),Nonprofit,"Independent, investigative",Free,"Investigations, data journalism, video, newsletter",Several per Week,Three Times a Week,23,17,13,6,6,3,5,3,4,Exile investigative nonprofit; adds depth on Russia,"A Russian investigative newsroom founded in 2020 by Roman Anin, working in exile since Russian authorities labelled it undesirable in 2022, and publishing in Russian with an English edition. Use the English pages for data driven investigations into the war economy, sanctions evasion, conscription and elite wealth.",Exile reporters combining leaked Russian databases with cross border partners to document the hidden costs of the war.
45,International Institute for Environment and Development (IIED),80,Research,Sustainable Development Research,https://www.iied.org,Active,EN / FR / ES / PT,Global / Sub-Saharan Africa / South Asia,Global South,United Kingdom,International Institute for Environment and Development,Think Tank,"Policy research, equity focused",Free,"Reports, briefings, blogs, journal",Several per Week,Weekly,23,13,13,6,10,3,5,4,3,Adaptation and informal urbanism research with Global South partners,"IIED is an independent policy research institute founded in 1971 by Barbara Ward and based in London, working with partner organizations across Africa, Asia and Latin America. Use its briefings and the journal Environment and Urbanization for evidence on adaptation finance, informal settlements, land rights and locally led adaptation.","Decades of partner led research on informal settlements and locally led adaptation, including the journal Environment and Urbanization."
46,Made in China Journal,80,Research,China Labour / Political Economy,https://madeinchinajournal.com,Active,EN,Taiwan and Greater China / Global,China and Global China,Australia,ANU Press,Academic,"Critical, labour centred",Free,"Open access journal issues, essays, books",Irregular,Every Two Weeks,22,15,14,5,9,2,5,4,4,Fills the labour and China gap; open access academic,"Made in China Journal is an open access publication from ANU Press, edited by Ivan Franceschini and Nicholas Loubere, on labour, civil society and rights in China and in Chinese projects abroad. Read its themed issues for scholarly essays written to be understood outside academia.","Free scholarly writing on Chinese labour and political economy, written for readers outside the academy."
47,Mediapart,80,Specialist,French Investigative Journalism,https://www.mediapart.fr,Active,FR / EN / ES,Europe,France,France,"Société éditrice de Mediapart, held through the Fonds pour une presse libre",Reader Funded Independent,"Left, independent",Paid,"Investigations, news, video, reader blogs",Daily,Three Times a Week,22,18,12,5,7,5,4,4,3,Reader funded with nonprofit ownership; French accountability reporting in depth,"Mediapart is a French digital daily founded in 2008 by Edwy Plenel and colleagues, funded only by subscribers and owned since 2019 through the nonprofit Fonds pour une presse libre. Use it for investigations into French politics, finance and policing, read alongside Le Monde for balance.",A subscriber funded daily with no advertising whose capital is locked in a nonprofit fund to prevent takeover.
48,Meduza,80,Regional,Russian Exile News,https://meduza.io,Active,RU / EN,Russia and Central Asia,Russia,Latvia,Medusa Project SIA,Reader Funded Independent,"Independent, anti authoritarian",Free,"Articles, explainers, newsletters, podcasts",Continuous,Three Times a Week,23,18,11,7,6,3,4,4,4,Exile newsroom funded by readers; Russia from outside state control,"Independent Russian language news outlet founded in 2014 and run from Riga, Latvia, with a full English edition. Banned in Russia and funded by readers abroad, it is the reader's route into Russian politics, war reporting and society through translation instead of state media.",Russian reporting produced in exile and translated into English by the same newsroom.
49,Natural Hazards Center,80,Research,Hazards and Disaster Research,https://hazards.colorado.edu,Active,EN,United States / Global,United States / Global,United States,University of Colorado Boulder,Academic,"Academic, nonpartisan",Free,"Research briefs, quick response reports, newsletter, workshop",Weekly,Weekly,24,9,15,7,10,2,5,4,4,Social science of disasters; academic model,"The Natural Hazards Center at the University of Colorado Boulder connects disaster researchers and practitioners through its Research Counts briefs, Quick Response reports from recent disasters and the Natural Hazards Observer. Use it to read social science findings on warning, evacuation, recovery and equity in plain language.","Turns fresh fieldwork from recent disasters into short, practitioner ready findings within months."
50,Nouveau Projet,80,Ideas,Quebec Ideas / Culture,https://atelier10.ca/nouveauprojet,Active,FR,Canada and Quebec,Quebec,Canada,Atelier 10,Reader Funded Independent,"Progressive, humanist",Freemium,"Print magazine, essays, web articles",Quarterly,Per Issue,21,17,11,7,8,5,5,3,3,Independent Quebec ideas magazine in French,"French language magazine of ideas, culture and society published in Montreal by Atelier 10 since 2012. Read it for long essays, reportage and commentary on how Quebec thinks about work, cities, climate and public life, in print issues and on the Atelier 10 site.","Quebec's independent magazine of long essays, published by a small Montreal house that also issues books and plays."
51,RFI (Radio France Internationale),80,Anchor,International Public Radio,https://www.rfi.fr,Active,Multi / FR / EN / ES / ZH-Hant / RU,Global / Sub-Saharan Africa / Middle East and North Africa / Europe,Francophone world and Africa,France,France Médias Monde,State Funded International,"Public service, French perspective",Free,"Radio, articles, podcasts, learner news",Continuous,Three Times a Week,24,18,7,7,6,5,4,5,4,Francophone Africa and Sahel coverage in French,"RFI is the international public radio service of France, run by France Médias Monde, broadcasting in French and about sixteen other languages with a dense network of correspondents across Africa. Use it daily for news from Francophone Africa and for the Journal en français facile.","The deepest daily radio coverage of Francophone Africa, alongside Chinese, Spanish and Russian services."
52,Reuters,80,Anchor,Global Wire Service,https://www.reuters.com,Active,EN,Global,Global,United Kingdom,Thomson Reuters,Commercial,"Centrist, institutional",Freemium,"Wire reports, articles, video, newsletters",Continuous,Daily,29,16,9,8,7,2,5,4,0,Core baseline wire already assumed in the portfolio,"Reuters is the international news agency of Thomson Reuters, reporting from bureaus worldwide under its published Trust Principles of independence and freedom from bias. Use it as the factual baseline for breaking events, markets and diplomacy before turning to outlets that interpret them.",A global wire bound by formal Trust Principles that a founders share company can enforce against its own owner.
53,Sahel Research Group,80,Research,Sahel Politics / Security Research,https://sahelresearch.africa.ufl.edu,Active,EN / FR,Sub-Saharan Africa,Sahel / West Africa,United States,"University of Florida, Center for African Studies",Academic,"Academic, nonpartisan",Free,"Working papers, country briefs, analysis, event reports",Irregular,Every Two Weeks,21,16,13,7,7,4,4,2,6,Underserved Sahel geography; academic source with French content,"The Sahel Research Group is an interdisciplinary team at the University of Florida's Center for African Studies that studies politics, religion and society in six Sahelian countries from Senegal to Chad. Use its working papers, election briefs and bilingual resources for background that news coverage of coups and insurgency rarely supplies.",A university group producing English and French scholarship devoted solely to the six Francophone Sahel states.
54,Spacing,80,Regional,Canadian Urbanism / Public Space,https://spacing.ca,Active,EN,Canada and Quebec,Canadian cities,Canada,Spacing Media (publisher Matthew Blackett),Reader Funded Independent,"Independent, urbanist",Freemium,"Print magazine, city blogs, podcast, books",Several per Week,Three Times a Week,20,18,13,6,10,2,4,3,4,Canadian urbanism gap; independent publisher,"Spacing is an independent Toronto magazine about Canadian cities, covering public space, transit, planning, housing and urban design in print and through city blogs. Use it for locally informed writing on how Canadian streets, parks and neighbourhoods are planned and contested.",A print magazine devoted entirely to the public realm of Canadian cities.
55,The Markup,80,Specialist,Technology Accountability / Data Journalism,https://themarkup.org,Active,EN,United States,"United States, with global relevance",United States,CalMatters,Nonprofit,"Public interest, independent",Free,"Investigations, data stories, tools, newsletter",Several per Week,Three Times a Week,25,10,14,7,10,2,5,4,3,Nonprofit newsroom with open methods on technology accountability,"The Markup is a nonprofit newsroom, part of CalMatters since 2024, that investigates how technology companies and algorithms affect people, publishing its data and methods with each story. Use it for evidence on algorithmic bias, surveillance and data privacy, and for the Blacklight privacy inspection tool.","Publishes a full methodology, and often the code and data, behind each technology investigation."
56,Urbanisme,80,Ideas,Urban Planning / Territory (FR),https://www.urbanisme.fr,Active,FR,Europe,France / Europe,France,Revue Urbanisme,Commercial,"Pluralist, professional",Paid,"Magazine, special issues",Quarterly,Per Issue,21,11,13,7,10,5,5,4,4,French planning culture; fills a gap,"Urbanisme is a French review published since 1932 that debates cities, territories, housing, mobility and ecological transition with planners, architects and researchers. Read it in French for European planning debates that rarely reach English language outlets.","Nearly a century of French debate on the city, with planners, architects and geographers in the same pages."
57,AOC (Analyse Opinion Critique),79,Ideas,French Ideas Daily,https://aoc.media,Active,FR,Europe,France,France,AOC (founded by Sylvain Bourmeau),Reader Funded Independent,"Centre left, intellectual",Freemium,"Daily essays, interviews, weekend fiction",Daily,Three Times a Week,22,12,12,7,9,5,5,4,3,Subscriber funded French ideas daily written by researchers,"AOC is an independent French online daily of ideas founded in 2018 by Sylvain Bourmeau, publishing one analysis, one opinion and one critique each day by researchers, writers and artists. Use it for considered French language essays on politics, society, ecology, technology and culture.","Three long texts a day by academics and writers, and nothing else."
58,Agência Pública,79,Regional,Brazil Nonprofit Investigations,https://apublica.org,Active,PT / ES / EN,Latin America and Brazil,Brazil,Brazil,Agência Pública (nonprofit association),Nonprofit,"Rights based, independent",Free,"Investigations, newsletters, podcasts",Several per Week,Three Times a Week,24,18,9,6,7,3,5,4,3,"Nonprofit investigative depth on Brazil, with open republication","Agência Pública is a Brazilian nonprofit investigative journalism agency founded in 2011 by women reporters and funded by foundations and readers. Read its investigations on the Amazon, land conflict, labour and state power in Portuguese, or in the Spanish and English versions it offers, all under an open republication licence.",Publishes every investigation under an open licence so other Brazilian and foreign outlets can reprint it.
59,Caribbean Investigative Journalism Network,79,Regional,Caribbean Investigative Journalism,https://www.cijn.org,Active,EN,Caribbean,Caribbean,Jamaica,Media Institute of the Caribbean,Nonprofit,"Independent, public interest",Free,"Investigations, data stories, training",Irregular,Every Two Weeks,20,18,10,6,7,2,5,3,8,Underserved Caribbean geography plus nonprofit ownership,"The Caribbean Investigative Journalism Network is a nonprofit project of the Media Institute of the Caribbean that funds, trains and publishes journalists across the islands. Use it for collaborative investigations into corruption, climate vulnerability, public health and finance in Caribbean states that rarely receive sustained international coverage.",The only regional network producing investigations across islands by Caribbean journalists for Caribbean audiences.
60,Disclose,79,Specialist,Nonprofit Investigative Journalism,https://disclose.ngo,Active,FR / EN,Europe,France and French interests abroad,France,Disclose (nonprofit association),Nonprofit,"Public interest, independent",Free,"Investigations, documentaries, newsletter",Irregular,Every Two Weeks,23,16,12,5,7,5,5,3,3,"Nonprofit, donation funded investigations in French","Disclose is a French nonprofit investigative newsroom founded in 2018, funded by donations and open to all readers without a paywall. Read its document based inquiries into arms exports, surveillance, environmental harm and corporate conduct, published in French with English versions and often released with partner media.","A donor funded French newsroom built like a nongovernmental organization, known for leaks on arms sales and state surveillance."
61,Forensic Architecture,79,Research,Spatial Investigation / Human Rights,https://forensic-architecture.org,Active,EN,Global / Middle East and North Africa / Europe,Global,United Kingdom,"Goldsmiths, University of London",Academic,"Rights based, counter forensic",Free,"Investigations, video, 3D models, interactive platforms, exhibitions",Irregular,Every Two Weeks,22,12,15,4,10,2,5,4,5,Fills the critical geography and spatial evidence gap; academic research agency,"Forensic Architecture is a research agency founded by Eyal Weizman in 2010 and based at Goldsmiths, University of London, which reconstructs state and corporate violence through spatial analysis, 3D modelling and open source evidence. Use it as a methods reference for cartography used as evidence in human rights work.","Treats architecture and cartography as evidence, publishing the full methodology behind each reconstruction of a contested event."
62,Global Voices,79,Specialist,Citizen Media / Global South,https://globalvoices.org,Active,Multi / EN / FR / ES / ZH-Hant / ZH-Hans / JA / RU / AR,Global / Sub-Saharan Africa / Latin America and Brazil / Russia and Central Asia / Caribbean,"Global, Underreported Regions",Netherlands,Stichting Global Voices,Nonprofit,"Rights based, community led",Free,"Articles, translations, special coverage, newsletter",Several per Week,Three Times a Week,20,15,11,8,7,5,4,3,6,Underreported regions by local writers; volunteer nonprofit community,"An international community of writers and translators, incorporated as a Dutch nonprofit foundation and founded in 2004 at Harvard's Berkman Center, that reports on citizen media worldwide. Use it for stories from the Caribbean, Central Asia and Africa written by local contributors, and for parallel reading in French, Spanish, Japanese and Chinese.","Volunteer translators render the same locally written stories into dozens of languages, making parallel reading possible."
63,High Country News,79,Regional,American West / Indigenous / Environment,https://www.hcn.org,Active,EN,United States / Arctic and Indigenous,Western United States and Indigenous nations,United States,High Country News,Nonprofit,"Environmental, independent",Freemium,"Monthly magazine, web articles, newsletters",Several per Week,Three Times a Week,23,15,11,7,8,2,5,4,4,Indigenous affairs reporting and nonprofit ownership,"High Country News is a nonprofit magazine founded in 1970 that reports on land, water, wildlife, climate and communities across the western United States. Its Indigenous Affairs desk, staffed by Indigenous journalists, makes it useful for comparing land and resource questions with those facing Indigenous nations in Canada.",A dedicated Indigenous Affairs desk inside a regional environmental magazine.
64,International Consortium of Investigative Journalists (ICIJ),79,Specialist,Cross Border Investigations,https://www.icij.org,Active,EN,Global,Global,United States,"International Consortium of Investigative Journalists, Inc.",Nonprofit,"Investigative, nonpartisan",Free,"Investigations, data, newsletter",Several per Week,Three Times a Week,26,12,14,7,8,2,5,4,1,Network model and open data; investigative nonprofits already well represented,"The International Consortium of Investigative Journalists is a nonprofit newsroom in Washington that coordinates reporters at partner outlets worldwide on cross border investigations such as the Panama Papers. Use it for financial secrecy, corruption and accountability projects, and for the searchable Offshore Leaks Database behind them.","Coordinates hundreds of reporters across countries on shared leaked datasets, then publishes the data as searchable public records."
65,Le Monde diplomatique,79,Ideas,Geopolitics / Political Economy,https://www.monde-diplomatique.fr,Active,Multi / FR / EN / ES,Global / Europe,"Global, edited in Paris",France,"Le Monde diplomatique SA (Groupe Le Monde 51 percent, reader and staff associations 49 percent)",Commercial,"Left, critical of neoliberalism",Freemium,"Monthly essays, maps, atlases, archive",Monthly,Monthly,21,14,12,5,9,5,5,4,4,Cartographic essays and reader and staff shareholding add distinct perspective,"A Paris monthly of long form reporting and analysis on geopolitics and political economy, majority owned by Groupe Le Monde with reader and staff associations holding a blocking minority. Read it in French for Global South perspectives and for its cartography, weighing its consistent left critique against other sources.",Pairs long essays with an in house cartographic tradition and dozens of foreign language editions.
66,Our World in Data,79,Research,Global Data / Research Communication,https://ourworldindata.org,Active,EN,Global,Global,United Kingdom,"Global Change Data Lab, with the University of Oxford",Nonprofit,"Empirical, nonpartisan",Free,"Data, interactive charts, articles, data explorers, newsletter",Several per Week,As Needed,25,8,14,7,10,2,5,5,3,Open reusable data platform; nonprofit and academic,"An open data publication produced by the nonprofit Global Change Data Lab with researchers at the University of Oxford. Use its charts, country profiles and downloadable datasets on poverty, health, energy, emissions and work as a first stop for long run comparative evidence, then follow the cited primary sources.","Every chart comes with downloadable data and documented sources, so figures can be reused directly in maps and reports."
67,PassBlue,79,Specialist,UN System Journalism,https://www.passblue.com,Active,EN,Global,"Global, United Nations",United States,PassBlue (independent nonprofit newsroom),Nonprofit,"Independent, multilateralist",Free,"Articles, analysis, newsletter, podcast",Several per Week,Three Times a Week,22,10,14,7,10,2,5,4,5,Independent scrutiny of the UN system; nonprofit and women led,"An independent nonprofit newsroom in New York, founded in 2011 by former New York Times correspondent Barbara Crossette and editor Dulcie Leimbach, that reports on the United Nations. Use it for Security Council dynamics, leadership contests, peacekeeping, budgets and women's rights at the UN, covered from inside the building.",A women led newsroom reporting daily UN politics independently of the organization's own communications.
68,Plan Canada,79,Specialist,Canadian Planning Practice,https://www.cip-icu.ca/plan-canada/,Active,EN / FR,Canada and Quebec,Canada,Canada,Canadian Institute of Planners,Nonprofit,"Professional, nonpartisan",Freemium,Magazine,Quarterly,Per Issue,20,16,13,6,10,4,4,3,3,Canadian planning practice in both languages,"Plan Canada is the magazine of the Canadian Institute of Planners, publishing practitioner articles in English and French on housing, Indigenous planning, climate adaptation and rural and northern communities. Use it to see how Canadian planners frame risk and land use in practice.","The professional voice of Canadian planning, published bilingually by the national institute."
69,Reporterre,79,Specialist,French Ecology News,https://reporterre.net,Active,FR,Europe,France,France,La Pile (Association pour une presse libre et écologique),Nonprofit,"Ecologist, left leaning",Free,"Articles, investigations, newsletter, podcast",Daily,Three Times a Week,20,17,13,4,9,5,4,4,3,Reader funded nonprofit; ecology reporting in French,"French daily news site on ecology founded by Hervé Kempf and published by the nonprofit association La Pile, free to read and funded almost entirely by reader donations. Use it for field reporting on climate, agriculture, energy, land struggles and environmental policy in France.","A French ecology daily with no paywall, no advertising and no shareholders."
70,SRG SSR,79,Anchor,Swiss Public Broadcasting,https://www.srgssr.ch,Active,Multi / FR / EN / DE / IT / ES / JA / ZH-Hans / AR / RU / PT,Switzerland,Switzerland,Switzerland,"Swiss Broadcasting Corporation (SRG SSR), a private law association",Public Broadcaster,"Public service, balanced",Free,"Television, radio, online news, corporate reports",Continuous,Three Times a Week,26,19,6,9,6,5,4,4,0,Umbrella entry; may duplicate separate RTS or swissinfo records,"SRG SSR is the Swiss Broadcasting Corporation, a licence fee funded association based in Bern that runs SRF, RTS, RSI, RTR and the ten language service SWI swissinfo.ch. Use this corporate site for mandate and governance, and go to RTS in French or swissinfo for the journalism itself.","One public broadcaster serving four national language regions, with an international service in ten languages."
71,The Walrus,79,Ideas,Canadian Ideas / Culture,https://thewalrus.ca,Active,EN,Canada and Quebec,Canada,Canada,The Walrus Foundation,Nonprofit,"Centre left, liberal",Free,"Magazine, essays, podcasts, newsletters, events",Daily,Three Times a Week,24,18,8,7,8,2,5,4,3,Charity ownership and long features on Canada,"The Walrus is a Canadian general interest magazine founded in 2003 and published by The Walrus Foundation, a registered charity in Toronto. Read it for fact checked long features, essays, fiction and poetry on Canadian politics, Indigenous issues, environment, technology and culture, in print and free online.","A Canadian magazine run by a charity, with a dedicated fact checking department and a public events series."
72,World Bank Open Data and Blogs,79,Research,Development Data / Economics,https://data.worldbank.org,Active,EN / FR / ES / AR / ZH-Hans,Global,Global,United States,World Bank Group,Intergovernmental,"Institutional, market oriented",Free,"Data portal, indicators, blogs, reports",Daily,As Needed,25,11,14,5,10,4,4,5,1,Primary data source with an institutional line,"The World Bank's free statistical portal and its staff blogs, covering development indicators for every country along with commentary by Bank economists. Use the data site for comparable national figures on labour, poverty and climate, and read the blogs as institutional analysis, not neutral reporting.","The standard free source of comparable national development indicators, downloadable and mapped for every economy."
73,Associated Press (AP),78,Anchor,Wire Service / General News,https://apnews.com,Active,EN / ES,Global / United States,Global,United States,The Associated Press (member news organizations),Wire Cooperative,"Centrist, institutional",Free,"Wire articles, photo, video, newsletters",Continuous,Daily,29,14,7,8,6,3,5,4,2,Cooperative ownership adds diversity among the wires already listed,"The Associated Press is a not for profit news cooperative based in New York, owned by its member news organizations, with bureaus in roughly 100 countries. Use it as a factual baseline for breaking events and for checking claims that other outlets repeat.",A member owned cooperative wire whose stylebook and news values statement set working norms for much of English language journalism.
74,DGBAS (行政院主計總處),78,Research,Taiwan Official Statistics,https://www.dgbas.gov.tw,Active,ZH-Hant / EN,Taiwan and Greater China,Taiwan,Taiwan,"Executive Yuan, Republic of China (Taiwan)",Government,"Official, statistical",Free,"Statistical releases, databases, census reports",Several per Week,As Needed,25,17,11,5,6,5,4,3,2,Primary Taiwan data in Traditional Chinese,"The Directorate General of Budget, Accounting and Statistics is the statistical and budget office of Taiwan's Executive Yuan, publishing national accounts, prices, labour force, wage and census data. Use its National Statistics portal for primary figures on Taiwan in Traditional Chinese, with a smaller English edition.","The primary source for Taiwan's official labour, price and census statistics, in Traditional Chinese."
75,Esprit,78,Ideas,Philosophy / Society,https://esprit.presse.fr,Active,FR,Europe / Global,France / Global,France,Éditions Esprit,Reader Funded Independent,"Centre left, humanist",Freemium,"Review issues, essays, podcast",Monthly,Monthly,22,11,12,8,9,5,5,4,2,Independent French review linking philosophy and public policy,"Esprit is a French review of ideas founded in 1932 by Emmanuel Mounier and published in Paris by Éditions Esprit. Read it in French for long essays and themed issues on democracy, religion, technology, cities and international affairs, written by philosophers, social scientists and practitioners.",A French review founded in 1932 in the personalist tradition that pairs philosophy with current public questions.
76,Humanitarian OpenStreetMap Team (HOT),78,Specialist,Humanitarian Mapping,https://www.hotosm.org,Active,EN / FR / ES,Global,Global,United States,Humanitarian OpenStreetMap Team,Nonprofit,"Humanitarian, open data",Free,"News, case studies, tools, project updates",Weekly,Weekly,20,11,15,6,10,3,4,4,5,Direct fit with community mapping practice,"HOT is a nonprofit that coordinates open mapping in OpenStreetMap for disaster response, preparedness and development, maintaining the Tasking Manager and running regional hubs in Africa, Asia and Latin America. Use its updates to follow community mapping practice, data quality debates and new open tools.",The organizing centre of volunteer and community mapping for humanitarian response.
77,Humanités numériques,78,Research,Digital Humanities Journal,https://journals.openedition.org/revuehn/,Active,FR,Europe / Canada and Quebec / Global,Francophone world,France,Humanistica,Academic,"Academic, nonpartisan",Free,Peer reviewed open access journal,Irregular,Every Two Weeks,24,6,14,7,9,5,5,3,5,"Digital humanities gap, in French, academic and open access","Humanités numériques is an open access, peer reviewed French language journal published by Humanistica, the Francophone digital humanities association, on OpenEdition Journals. Use it for methods, case studies and critical reflection on computing in the humanities, including text, archives, mapping and data visualization.","The peer reviewed journal of the Francophone digital humanities community, free to read."
78,Investigate Europe,78,Specialist,Cross Border Investigations / Europe,https://www.investigate-europe.eu,Active,Multi / EN / FR / ES,Europe,European Union and neighbours,Germany,Investigate Europe SCE (journalist cooperative),Collective,"Public interest, European",Free,"Investigations, newsletter, podcast",Irregular,Every Two Weeks,23,15,11,6,7,5,5,3,3,Journalist cooperative with a cross border method,"Investigate Europe is a cooperative of journalists from about a dozen European countries, registered in Berlin and funded by foundations and reader donations. Read its joint investigations into European Union policy, corporate lobbying, labour and technology, published at the same time with partner newspapers in several languages.","One team researches a single story in many countries at once, then publishes it in each national language."
79,L'actualité,78,Regional,Quebec Current Affairs Magazine,https://lactualite.com,Active,FR,Canada and Quebec,Quebec / Canada,Canada,Mishmash Média,Commercial,"Centrist, explanatory",Freemium,"Magazine, articles, newsletters",Daily,Three Times a Week,22,19,8,7,7,5,4,4,2,Quebec magazine depth in French complements the dailies,"L'actualité is a Montreal current affairs magazine in French, founded in 1976, covering Quebec and Canadian politics, society, science, health and culture. Read it for explanatory features, political columns and its annual rankings, as a slower complement to Le Devoir, La Presse and Radio-Canada.","The main French language general interest newsmagazine in Quebec, with long explanatory features on public policy."
80,Le Grand Continent,78,Ideas,Geopolitics / European Ideas,https://legrandcontinent.eu,Active,FR / ES / IT / DE,Europe / Global,Europe / Global,France,Groupe d'études géopolitiques,Nonprofit,"Pro European, intellectual",Freemium,"Essays, interviews, annotated documents, maps",Daily,Three Times a Week,20,13,12,7,9,5,5,4,3,French language geopolitics with original maps; independent association,"Le Grand Continent is a French language review of geopolitics, law and ideas founded in 2019 by the Groupe d'études géopolitiques at the École normale supérieure in Paris, with editions in several European languages. Use it for long interviews, annotated primary documents and maps on European and global politics.","Publishes the same European debate in several languages, with annotated source texts and in house cartography."
81,Nexo Jornal,78,Regional,Brazil Explanatory Journalism,https://www.nexojornal.com.br,Active,PT,Latin America and Brazil,Brazil,Brazil,Nexo Jornal (founder owned),Reader Funded Independent,"Evidence based, liberal progressive",Freemium,"Explainers, charts, podcasts, newsletters",Daily,Three Times a Week,22,16,10,7,7,2,5,5,4,Brazil gap; subscriber funded and free of advertising,"Nexo Jornal is an independent digital newspaper in São Paulo founded in 2015, known for explanatory articles, charts and podcasts on Brazilian politics, economy, science and culture. Use it for context on Brazil, in Portuguese that a French and Spanish reader can follow with some effort.","Brazilian journalism built around explanation and data graphics, funded by subscribers without advertising."
82,OECD,78,Research,Policy Research / Data,https://www.oecd.org,Active,EN / FR,Global / Europe / Canada and Quebec,OECD Member Countries,France,Organisation for Economic Co-operation and Development,Intergovernmental,"Institutional, market liberal",Free,"Reports, datasets, country reviews, policy briefs",Several per Week,As Needed,25,12,13,6,9,5,4,4,0,Primary data source; no redundancy penalty and no diversity bonus,"The OECD is an intergovernmental organization of mostly high income member countries, based in Paris, that publishes comparative statistics, country reviews and policy research in English and French. Use its data explorer and reports as primary evidence on labour markets, education, taxation, environment and the governance of artificial intelligence.","Harmonized statistics that allow direct comparison of member countries, including Canada, Switzerland, France and Japan."
83,Oxpeckers Investigative Environmental Journalism,78,Regional,African Environmental Investigations,https://oxpeckers.org,Active,EN,Sub-Saharan Africa,Southern Africa,South Africa,Oxpeckers Investigative Environmental Journalism,Nonprofit,"Investigative, environmental accountability",Free,"Investigations, data tools, interactive maps",Weekly,Weekly,22,14,13,5,9,2,5,4,4,Nonprofit; map driven investigative method relevant to cartographic practice,"Oxpeckers is a nonprofit environmental investigations unit based in South Africa and founded by the journalist Fiona Macleod, pairing field reporting with data analysis and interactive geographic tools. Use it for wildlife trafficking, mining licences, water and climate finance stories, and as a working example of map driven accountability journalism.","Africa's first environmental investigations unit, built on geojournalism tools such as MineAlert and WildEye that map licences and prosecutions."
84,ProPublica,78,Specialist,Investigative Journalism,https://www.propublica.org,Active,EN,United States,United States,United States,"Pro Publica, Inc.",Nonprofit,"Public interest, investigative",Free,"Investigations, data tools, newsletters",Daily,Three Times a Week,26,12,13,7,6,2,5,5,2,Nonprofit model with open data and free republishing,"ProPublica is a nonprofit newsroom in New York that produces long investigations into abuses of power in government, business and institutions, often with partner newsrooms. Use it for documented accountability reporting and for its public data tools, which show how evidence led investigations are built.",Publishes its investigations with open data and lets other newsrooms republish them free of charge.
85,Yale Environment 360,78,Specialist,Climate / Environment,https://e360.yale.edu,Active,EN,Global,Global,United States,Yale School of the Environment,Academic,"Science based, independent",Free,"Features, analysis, opinion, daily digest",Several per Week,Three Times a Week,24,12,13,7,10,2,5,4,1,Academic publisher; partly overlaps climate nonprofits already listed,"Yale Environment 360 is an online magazine published by the Yale School of the Environment, carrying reporting, analysis and opinion by journalists and scientists on climate, biodiversity, energy and pollution worldwide. Use it for science grounded features and the short E360 Digest when you want context beyond daily climate news.",A university published environmental magazine that pairs working scientists with veteran reporters on field features from many regions.
86,Afrique XXI,77,Regional,Africa Independent Analysis,https://afriquexxi.info,Active,FR / EN,Sub-Saharan Africa / Middle East and North Africa,"Africa, with a Francophone focus",France,Association Afrique XXI,Reader Funded Independent,"Independent, critical of Françafrique",Free,"Articles, long reads, newsletter",Several per Week,Weekly,20,17,9,5,7,5,5,3,6,Francophone Africa and Sahel depth from a reader funded association,"Afrique XXI is an independent online journal on Africa launched in 2021 as the sister publication of Orient XXI, run by an association and funded by reader donations with free access. Read it in French for researched long reads on the Sahel, West and Central Africa that question French policy narratives.",A donation funded French journal pairing journalists and researchers for long reads on the Sahel and Françafrique.
87,BBC News,77,Anchor,Global Public Broadcaster,https://www.bbc.com/news,Active,Multi / EN / FR / ZH-Hant / ZH-Hans / JA / ES / RU / AR,Global / Europe,Global / United Kingdom,United Kingdom,British Broadcasting Corporation,Public Broadcaster,"Centrist, institutional",Free,"Articles, live coverage, video, radio, podcasts",Continuous,Weekly,26,18,6,8,6,5,3,5,0,Baseline anchor already assumed in the portfolio; no adjustment,"BBC News is the news division of the British Broadcasting Corporation, funded mainly by the UK licence fee and governed by published editorial guidelines. Use it as a factual baseline for world and British news, and for its World Service editions in French, Chinese, Japanese and Spanish.","The widest correspondent network of any public broadcaster, with parallel services in more than forty languages."
88,CONNECTAS,77,Regional,Latin America Investigations,https://www.connectas.org,Active,ES,Latin America and Brazil,Latin America,Colombia,CONNECTAS,Nonprofit,"Independent, investigative",Free,"Investigations, analysis, data, journalist training hub",Several per Week,Weekly,22,17,11,6,6,4,5,3,3,"Nonprofit collaborative investigations across Latin America, in Spanish","CONNECTAS is a nonprofit journalism platform founded by the Colombian editor Carlos Eduardo Huertas and based in Bogotá, which coordinates collaborative investigations by reporters across the Americas. Use it in Spanish for transnational stories on corruption, migration, extractive industries and authoritarian drift, especially in Venezuela, Nicaragua and Cuba.",A hub model in which one Bogotá desk coordinates investigations by partner reporters in many Latin American countries.
89,Canada's National Observer,77,Regional,Canadian Climate / Politics,https://www.nationalobserver.com,Active,EN,Canada and Quebec,Canada,Canada,Observer Media Group,Reader Funded Independent,"Progressive, climate focused",Freemium,"Articles, investigations, newsletters, podcasts",Daily,Weekly,22,19,11,5,9,2,4,4,1,Reader funded independent; partly overlaps The Narwhal on environment,"Canada's National Observer is an independent digital daily founded in 2015 by Linda Solomon Wood and published by Observer Media Group in Vancouver, with reporters in Ottawa and other Canadian cities. Use it for investigative and explanatory reporting on Canadian climate policy, energy, federal politics and disinformation.",A subscriber supported Canadian daily that treats climate and energy as its central political beat.
90,Equal Times,77,Specialist,Global Labour Journalism,https://www.equaltimes.org,Active,EN / FR / ES,Global,"Global, with a Global South focus",Belgium,International Trade Union Confederation (ITUC),Nonprofit,"Labour movement, rights based",Free,"Features, opinion, photo essays, video",Several per Week,Weekly,19,13,14,5,10,5,4,3,4,Fills the labour and SDG 8 gap; union funded model,"Equal Times is a news and opinion site in English, French and Spanish supported by the International Trade Union Confederation and based in Brussels. Use it for reported features on work, migration, inequality and just transition, written largely by freelance journalists across the Global South.",Global labour reporting commissioned from local freelancers and published in three parallel languages.
91,Eurozine,77,Ideas,European Cultural Journals Network,https://www.eurozine.com,Active,Multi / EN / FR,Europe,Europe,Austria,Eurozine Gesellschaft zur Vernetzung von Kulturmedien mbH,Nonprofit,"Pluralist, liberal left",Free,"Essays, translations, focal points, newsletter",Several per Week,Weekly,21,11,12,9,8,4,5,4,3,Translation network of small journals; nonprofit ownership,"Eurozine is a nonprofit network and online magazine in Vienna that links about ninety European cultural journals, publishing their essays in English alongside the original languages. Use it to follow debates on democracy, media, culture and eastern Europe that would otherwise stay inside small national journals.",A network that translates and republishes essays from dozens of small European cultural journals.
92,High North News,77,Regional,Arctic Politics / Northern Affairs,https://en.highnorthnews.com,Active,EN / NO,Arctic and Indigenous / Europe,Arctic / Northern Norway,Norway,"High North Center for Business and Governance, Nord University",Academic,"Independent, Arctic affairs",Free,"News, analysis, opinion, newsletter",Daily,Weekly,20,18,11,7,6,2,4,3,6,Underserved Arctic geography; university based publisher,"High North News is an independent online newspaper published by the High North Center at Nord University in Bodø, Norway, in English and Norwegian. Use it for daily reporting on Arctic politics, security, shipping, resources and northern communities written from inside the region.",A newsroom housed in an Arctic university that covers the circumpolar North daily in English and Norwegian.
93,IndigiNews,77,Regional,Indigenous News / British Columbia,https://indiginews.com,Active,EN,Canada and Quebec / Arctic and Indigenous,British Columbia / Indigenous Canada,Canada,IndigiNews,Reader Funded Independent,"Indigenous led, community centred",Free,"News, features, newsletter",Several per Week,Weekly,20,19,11,5,6,2,5,3,6,Indigenous led newsroom in Canada; independent ownership,"IndigiNews is an Indigenous led digital newsroom launched in 2020 by The Discourse in partnership with APTN, reporting from the Okanagan, Vancouver Island and other parts of British Columbia. Use it for trauma informed coverage of child welfare, land defence, language revival and culture written by Indigenous journalists.",Indigenous journalists reporting for their own communities in British Columbia with trauma informed editorial practice.
94,Jom,77,Regional,Singapore Slow Journalism,https://jom.media,Active,EN,Southeast Asia,Singapore,Singapore,Jom Media,Reader Funded Independent,"Independent, liberal",Freemium,"Weekly digest, essays, newsletter",Weekly,Weekly,21,18,9,7,7,2,5,4,4,Independent member funded voice in a constrained media market,"Jom is an independent weekly digital magazine about Singapore, launched in 2022 by Sudhir Thomas Vadaketh and colleagues and funded by paying members. Use its weekly digest and long essays for analysis of Singapore's politics, society, arts and history outside the state linked mainstream press.","Member funded slow journalism on Singapore, published outside the government linked media groups."
95,Mada Masr (مدى مصر),77,Regional,Egypt Independent Journalism,https://www.madamasr.com,Active,AR / EN,Middle East and North Africa,Egypt and North Africa,Egypt,Mada Masr Media (founded and run by its journalists),Reader Funded Independent,"Independent, rights based",Free,"Articles, investigations, analysis, newsletter",Several per Week,Weekly,22,18,9,6,6,3,5,3,5,Independent North African newsroom under pressure; ownership diversity,"An independent Cairo newsroom founded in 2013 by journalists from the closed Egypt Independent and led by chief editor Lina Attalah, publishing in Arabic and English. Use its English edition for original reporting on Egyptian politics, economy, labour and regional conflicts that state aligned media do not publish.","One of the last independent newsrooms still reporting from inside Egypt despite site blocking, raids and prosecutions."
96,NHK NEWS WEB EASY,77,Anchor,Easy Japanese News,https://news.web.nhk/news/easy/,Active,JA,Japan and Korea,Japan,Japan,NHK (Japan Broadcasting Corporation),Public Broadcaster,"Centrist, institutional",Free,Short articles with furigana and audio,Daily,Daily,25,15,10,6,5,4,4,5,3,Fills the learner level Japanese gap in the portfolio,"NEWS WEB EASY is the simplified Japanese news service of NHK, Japan's public broadcaster, rewriting a few daily stories with furigana, audio and word explanations. Use it as daily reading practice at intermediate level, then compare with the full NHK article on the same story.",Daily news from a public broadcaster rewritten in simple Japanese with furigana and audio for learners.
97,Programming Historian,77,Research,Digital Humanities Methods,https://programminghistorian.org,Active,EN / FR / ES / PT,Global,Global,United Kingdom,ProgHist Ltd,Nonprofit,"Academic, open access",Free,Peer reviewed tutorials,Irregular,As Needed,24,3,14,6,9,5,5,5,6,Fills the digital humanities gap; volunteer run open access charity,"Programming Historian publishes peer reviewed, open access tutorials that teach humanists digital tools and methods, from text analysis to mapping with QGIS and Python. It is run by the charity ProgHist Ltd with volunteer editors, and its English, French, Spanish and Portuguese editions make it a working reference, not a news source.","Peer reviewed digital methods lessons maintained in four languages, each edition with its own editorial team."
98,Project Multatuli,77,Regional,Indonesia Public Interest Journalism,https://projectmultatuli.org,Active,ID / EN,Southeast Asia,Indonesia,Indonesia,Project Multatuli,Nonprofit,"Public service, serves the marginalized",Free,"Longform reports, series, data, illustration",Several per Week,Weekly,22,17,10,6,7,3,5,3,4,Member funded nonprofit; Indonesian labour and Indigenous coverage,"Project Multatuli is a nonprofit, member supported newsroom launched in Jakarta in 2021 by Evi Mariani and colleagues, publishing in Indonesian with selected English translations. Use it for slow, deeply reported series on labour, Indigenous land, environment and policing that mainstream Indonesian media underplay.","Slow journalism in Indonesian that explicitly serves the marginalized, funded by members instead of advertisers or conglomerates."
99,Taiwan Insight,77,Regional,Taiwan Studies Commentary,https://taiwaninsight.org,Active,EN,Taiwan and Greater China,Taiwan,United Kingdom,"Taiwan Research Hub, University of Nottingham",Academic,"Academic, nonpartisan",Free,"Short analytical essays, special issues",Several per Week,Weekly,21,16,12,8,7,2,5,3,3,Academic Taiwan commentary; university run,"Online magazine of the Taiwan Research Hub at the University of Nottingham, publishing short analytical essays by scholars of Taiwan. Use it for accessible academic commentary on Taiwanese politics, society, culture and cross strait relations, often arranged as special issues on one theme.","Academic Taiwan studies written as short essays for general readers, edited from a British university."
100,The Canadian Press,77,Anchor,National Wire Service,https://www.thecanadianpress.com,Active,EN / FR,Canada and Quebec,Canada,Canada,"Canadian Press Enterprises Inc. (Torstar, The Globe and Mail, Square Victoria Communications Group)",Commercial,"Neutral, straight news",Free,"Wire copy, photos, video, audio",Continuous,Weekly,27,19,6,8,6,5,4,2,0,"Core Canadian baseline, but mostly read through client outlets","The Canadian Press is Canada's national news agency, founded in 1917 and operated since 2010 by Canadian Press Enterprises, a company owned by Torstar, The Globe and Mail and a third media shareholder. Use its English and French copy, the latter as La Presse Canadienne, as a plain factual baseline on Canadian affairs.",The bilingual national wire whose stylebook and straight news copy underlie much of Canadian daily journalism.
101,The Funambulist,77,Ideas,Spatial Politics / Decolonial Design,https://thefunambulist.net,Active,EN / FR,Global,"Global, Global South Emphasis",France,The Funambulist (founded and edited by Léopold Lambert),Reader Funded Independent,"Anticolonial, left",Freemium,"Print and digital magazine with six issues a year, essays, podcast, maps",Quarterly,Per Issue,18,12,14,4,10,3,5,4,7,Critical geography and architecture gap; independent; Global South contributors,"An independent magazine on the politics of space and bodies, founded by architect Léopold Lambert and edited in Paris, with six themed issues a year. Use it for anticolonial readings of architecture, cartography, borders and urbanism written by contributors from Palestine, the Caribbean, the Pacific and Africa.","Reads architecture and cartography as instruments of colonial power, with most contributors writing from the places concerned."
102,The Irrawaddy,77,Regional,Myanmar Independent News,https://www.irrawaddy.com,Active,EN / MY,Southeast Asia,Myanmar,Thailand,Irrawaddy Publishing Group,Nonprofit,"Independent, pro democracy",Free,"Articles, analysis, opinion, video",Daily,Weekly,21,18,11,6,6,2,4,3,6,Myanmar is underserved; exile newsroom funded by donors,"Independent news outlet on Myanmar founded in 1993 by exiled journalists and edited by Aung Zaw, publishing in English and Burmese. Use it for daily reporting on the military regime, the resistance, ethnic armed groups and humanitarian conditions, produced largely from outside the country since the 2021 coup.","Three decades of independent reporting on Myanmar, sustained through two periods of exile."
103,Urban Omnibus,77,Ideas,Urbanism / New York,https://urbanomnibus.net,Active,EN,United States,New York City,United States,The Architectural League of New York,Nonprofit,"Civic, design centred",Free,"Essays, series, visual essays, newsletter",Weekly,Weekly,21,12,13,7,10,2,5,4,3,Urbanism and landscape gap; nonprofit publisher,"Urban Omnibus is the online publication of The Architectural League of New York, publishing essays, interviews and visual series on how the city is designed, built and governed. Use it for carefully edited case studies of infrastructure, housing, public space and urban landscape that transfer to other cities.","Reads one city closely as a continuing case study in design, policy and everyday use."
104,African Arguments,76,Regional,African Affairs Analysis,https://africanarguments.org,Active,EN,Sub-Saharan Africa / Middle East and North Africa,"Africa, continent wide",United Kingdom,Royal African Society,Nonprofit,"Independent, Africa centred",Free,"Analysis, commentary, investigations, newsletter",Several per Week,Weekly,21,16,10,8,7,2,5,3,4,African expert voices on West Africa and Sahel; nonprofit,"African Arguments is a platform for analysis, commentary and investigation on African politics and society, long hosted by the Royal African Society in London and relaunched in 2026. Use it for arguments by African writers and scholars on elections, conflict, climate and the economy across the continent.",Analysis of African politics written mainly by African scholars and journalists for a general audience.
105,Anthurium: A Caribbean Studies Journal,76,Research,Caribbean Literature / Arts,https://anthurium.miami.edu,Active,EN,Caribbean,Caribbean,United States,University of Miami,Academic,"Academic, nonpartisan",Free,"Peer reviewed articles, interviews, creative writing",Irregular,Every Two Weeks,23,13,12,7,6,1,5,2,7,"Caribbean scholarship, open access, university published","Open access, peer reviewed journal of Caribbean literature, arts and culture founded in 2003 and published by the University of Miami. Read it for scholarly essays, interviews and creative writing on Caribbean and diaspora writers when a topic needs more depth than news coverage gives.",A free scholarly journal that pairs criticism of Caribbean literature with new poetry and fiction from the region.
106,CBC News,76,Anchor,Canadian Public Broadcaster,https://www.cbc.ca/news,Active,EN,Canada and Quebec / Arctic and Indigenous,Canada,Canada,CBC/Radio-Canada,Public Broadcaster,"Centrist, public service",Free,"Articles, radio, video, podcasts",Continuous,Daily,25,19,7,8,7,2,3,5,0,Baseline public broadcaster already assumed in the portfolio,"CBC News is the English language news service of Canada's national public broadcaster, with newsrooms in every province and territory and published journalistic standards. Use it for daily Canadian coverage, including the CBC Indigenous and CBC North desks, and for emergency and weather information.","Newsrooms in every province and territory, including dedicated Indigenous and northern desks."
107,CIPER Chile,76,Regional,Chile Investigative Journalism,https://www.ciperchile.cl,Active,ES,Latin America and Brazil,Chile,Chile,Fundación CIPER,Nonprofit,"Public interest, independent",Free,"Investigations, opinion columns, academic essays",Several per Week,Weekly,24,15,10,6,6,4,5,3,3,Nonprofit foundation model with reader members; Spanish practice,"CIPER, the Centro de Investigación Periodística, is a nonprofit investigative newsroom in Santiago founded in 2007 by Mónica González and financed by a foundation and reader members. Read its document driven investigations into Chilean politics, business and policing as Spanish practice with strong sourcing.","A Chilean nonprofit for document based investigations, with a section where academics publish research for general readers."
108,Caribbean Quarterly,76,Research,Caribbean Studies Journal,https://www.tandfonline.com/journals/rcbq20,Active,EN,Caribbean,Caribbean,Jamaica,University of the West Indies (published with Taylor & Francis),Academic,"Academic, nonpartisan",Paid,"Peer reviewed articles, reviews, special issues",Quarterly,Per Issue,24,13,12,7,6,1,5,2,6,Caribbean scholarship edited from the region itself,"Journal of Caribbean culture founded in 1949 at the University of the West Indies and now published with Taylor & Francis. Use it for peer reviewed scholarship on Caribbean history, literature, arts and society written largely from within the region, including Barbados and the wider anglophone Caribbean.","The University of the West Indies' flagship cultural journal, publishing continuously since 1949."
109,Carnegie Endowment for International Peace,76,Research,Foreign Policy Think Tank,https://carnegieendowment.org,Active,EN / RU / AR / ZH-Hans,Global / Russia and Central Asia / Middle East and North Africa / Taiwan and Greater China,Global / Russia / China / Middle East,United States,Carnegie Endowment for International Peace,Think Tank,"Centrist, liberal internationalist",Free,"Papers, commentary, podcasts, newsletters",Daily,Weekly,22,15,12,7,8,3,4,4,1,Discloses funding; Russia and Central Asia analysis from exile scholars,"The Carnegie Endowment for International Peace is a Washington think tank founded in 1910, with research centres covering Europe, the Middle East, India, China and Russia and Eurasia. Use its papers, commentary and Carnegie Politika for policy analysis on Russia, Central Asia, technology governance and democracy.",A think tank whose Russia Eurasia team relocated to Berlin and keeps publishing analysis by Russian scholars in exile.
110,Climate Home News,76,Specialist,Climate Diplomacy / Policy,https://www.climatechangenews.com,Active,EN,Global,Global,United Kingdom,Climate Change News Ltd,Commercial,"Independent, climate policy focused",Free,"Articles, investigations, newsletter",Daily,Weekly,22,12,13,7,10,2,5,4,1,Climate diplomacy desk complements Carbon Brief's science focus,"An independent London news site published by Climate Change News Ltd, reporting on the international politics of climate change with reporters who follow UN negotiations. Use it for COP talks, climate finance, loss and damage, carbon markets and the positions of developing country blocs, which general outlets cover mainly during summits.","Year round reporting on UN climate negotiations and climate finance, including investigations into carbon credit schemes."
111,Critique internationale,76,Research,Comparative Politics / Area Studies,https://www.cairn.info/revue-critique-internationale.htm,Active,FR / EN,Global,"Global, comparative",France,"Sciences Po (CERI), published by Presses de Sciences Po",Academic,"Academic, nonpartisan",Freemium,"Peer reviewed articles, thematic dossiers, book reviews",Quarterly,Per Issue,24,10,12,7,8,5,5,3,2,French language comparative scholarship from an academic press,"Critique internationale is a quarterly peer reviewed journal of comparative social science edited at the Centre de recherches internationales of Sciences Po and published by Presses de Sciences Po. Read its thematic dossiers in French for fieldwork based studies of politics and society outside Europe, available through Cairn.",A French language journal that reads international questions through comparative fieldwork instead of strategic commentary.
112,Disasters,76,Research,Humanitarian and Disaster Studies Journal,https://onlinelibrary.wiley.com/journal/14677717,Active,EN,Global,Global,United Kingdom,ODI Global (Wiley),Academic,"Academic, nonpartisan",Freemium,Peer reviewed journal,Quarterly,Per Issue,25,8,15,7,10,1,5,2,3,Core humanitarian research journal,"Disasters is a peer reviewed journal managed by the Humanitarian Policy Group at ODI Global and published by Wiley, covering disaster studies, humanitarian policy and practice. Use it for research on aid, vulnerability and response that speaks directly to humanitarian work.",The longest running journal that joins disaster science with humanitarian policy and practice.
113,El País,76,Anchor,Spanish Paper of Record,https://elpais.com,Active,ES / EN,Europe / Latin America and Brazil,Spain and Latin America,Spain,"PRISA (Promotora de Informaciones, S.A.)",Commercial,Centre left,Freemium,"Articles, analysis, newsletters, podcasts",Continuous,Weekly,25,16,8,7,7,4,4,4,1,Spanish language record with Latin American bureaus,"Spain's leading daily, published in Madrid by PRISA, with an Americas edition staffed from Mexico City and other Latin American bureaus and an English edition. Read it for Spanish and Latin American politics and culture, and as steady reading practice in clear journalistic Spanish.",A Spanish language paper of record that treats Latin America as home territory.
114,Himal Southasian,76,Regional,South Asia Review / Longform,https://www.himalmag.com,Active,EN,South Asia,South Asia,Sri Lanka,"Himal Southasian (nonprofit, founded by Kanak Mani Dixit)",Nonprofit,"Independent, cross border regionalist",Free,"Longform essays, reportage, reviews, podcasts, newsletters",Weekly,Weekly,21,14,12,7,7,2,5,4,4,Cross border Southasian review; independent nonprofit in the Global South,"A review magazine of South Asian politics and culture founded in Kathmandu in 1987 by Kanak Mani Dixit and published from Colombo since 2018 after bureaucratic pressure in Nepal. Use it for longform reporting and essays that treat the subcontinent as one region, from Afghanistan to Myanmar, beyond national framings.",Edits South Asia as a single cross border region and spells it Southasia as a matter of principle.
115,ICT (Indian Country Today),76,Regional,Indigenous News / North America,https://ictnews.org,Active,EN,Arctic and Indigenous / United States,"Indigenous nations, North America",United States,IndiJ Public Media,Nonprofit,"Indigenous perspective, independent",Free,"Articles, daily newscast, newsletters",Daily,Weekly,22,16,11,6,6,2,4,4,5,Indigenous peoples are underserved; nonprofit Indigenous run newsroom,"ICT, formerly Indian Country Today, is a nonprofit newsroom owned by IndiJ Public Media in Phoenix that covers Indigenous nations across the United States and beyond. Use its daily reporting and video newscast for tribal politics, law, climate and culture, with some coverage of Canada, Alaska and global Indigenous affairs.",A national Indigenous newsroom in the United States that produces its own daily broadcast newscast.
116,Imago Mundi: The International Journal for the History of Cartography,76,Research,History of Cartography,https://www.tandfonline.com/journals/rimu20,Active,EN,Global,Global,United Kingdom,"Imago Mundi Ltd (published by Routledge, Taylor & Francis)",Academic,"Academic, nonpartisan",Paid,"Peer reviewed articles, reviews, bibliography",Quarterly,Per Issue,25,4,15,7,9,2,5,3,6,Fills the cartography history gap; academic ownership,"Imago Mundi is the peer reviewed international journal for the history of cartography, founded in 1935 by Leo Bagrow and published twice a year by Routledge for Imago Mundi Ltd. Use it for scholarship on early maps, mapmakers and map collections, plus its bibliography and conference reports.",The only long running scholarly journal devoted entirely to the history of maps and mapmaking.
117,JSTOR,76,Research,Digital Library / Scholarship,https://www.jstor.org,Active,Multi / EN / FR / ES,Global,Global,United States,ITHAKA,Nonprofit,"Academic, nonpartisan",Freemium,"Journal archive, books, primary sources, images",Continuous,As Needed,26,3,14,8,9,3,5,5,3,Nonprofit library of primary sources and scholarship,"JSTOR is a digital library of academic journals, books, images and primary sources run by the nonprofit ITHAKA in New York. Use a free personal account for limited monthly reading or institutional access for full search across the humanities and social sciences, including art history, geography and historical maps.","Deep back files of scholarly journals, often from the first issue, in one searchable archive."
118,Journal of Landscape Architecture (JoLA),76,Research,Landscape Architecture Journal,https://www.eclas.org/jola/,Active,EN,Europe / Global,Europe / Global,United Kingdom,European Council of Landscape Architecture Schools (Taylor & Francis),Academic,"Academic, nonpartisan",Paid,Peer reviewed journal,Twice Yearly,Per Issue,23,7,15,7,10,1,5,3,5,Fills the landscape research gap,"JoLA is the journal of the European Council of Landscape Architecture Schools, publishing research, critical essays and design based work on landscape theory, history and practice. Use it for the scholarly side of landscape architecture that complements project platforms.","Accepts design work and drawings as research, close to the Swiss tradition that teaches landscape with architecture and planning."
119,Natural Hazards and Earth System Sciences (NHESS),76,Research,Hazard Science Journal,https://nhess.copernicus.org,Active,EN,Global,Global,Germany,European Geosciences Union (Copernicus Publications),Academic,"Scientific, nonpartisan",Free,Open access journal with public peer review,Monthly,Monthly,25,6,15,7,10,1,5,3,4,Open access hazard science; fills a disciplinary gap,"NHESS is the open access journal of the European Geosciences Union on natural hazards, from floods and landslides to compound and cascading events, with a public discussion stage before papers are accepted. Use it for current methods in hazard modelling, risk mapping and impact assessment.","Open peer review lets readers follow the debate on each hazard paper, not only the final article."
120,Places Journal,76,Ideas,Architecture / Landscape / Urbanism,https://placesjournal.org,Active,EN,United States / Global,North America and global,United States,Places Journal,Nonprofit,"Public scholarship, progressive",Free,"Long essays, photo essays, reading lists, book series",Weekly,Weekly,22,5,15,7,10,2,5,4,6,Fills the landscape architecture and urbanism gap; nonprofit,"Places Journal is a nonprofit journal of public scholarship on architecture, landscape and urbanism, founded in 1983 and supported by a network of university design schools. Read its long illustrated essays for work on infrastructure, climate, land and spatial justice, including regular writing on maps and media.","Free, carefully edited long essays that treat architecture, landscape and urbanism as one field."
121,UN News,76,Research,UN System News,https://news.un.org,Active,Multi / EN / FR / ZH-Hans / ES / AR / RU / PT,Global,Global / UN System,United States,United Nations Department of Global Communications,Intergovernmental,"Institutional, official UN voice",Free,"News, audio, video, interviews, daily newsletter",Daily,Weekly,24,12,12,4,10,5,4,4,1,Primary UN source with parallel French and Chinese editions,"UN News is the official news service of the United Nations, produced by the Department of Global Communications in the six official languages and several others, including Portuguese, Kiswahili and Hindi. Use it as a primary record of what UN bodies and officials said and decided, then turn to independent reporting for scrutiny.","The UN's own daily record, published in parallel in all six official languages and several others."
122,Animal Político,75,Regional,Mexican Independent News,https://animalpolitico.com,Active,ES,Latin America and Brazil,Mexico,Mexico,Grupo Editorial Criterio,Commercial,"Independent, rights focused",Free,"Articles, investigations, fact checks, podcasts",Daily,Weekly,22,17,10,7,6,4,4,3,2,Independent Mexican newsroom; Spanish reading practice,"Mexican digital news outlet published by Grupo Editorial Criterio, known for investigations into corruption and for its fact checking unit El Sabueso. Read it for Mexican politics, rights and public spending in clear Spanish that suits a reader at intermediate level.","Mexico's digital newsroom behind El Sabueso, a fact checking unit listed under the IFCN code of principles."
123,ArcticToday,75,Regional,Arctic News / Geopolitics,https://www.arctictoday.com,Active,EN,Arctic and Indigenous,Circumpolar Arctic,United States,ArcticToday (founding publisher Alice Rogoff),Commercial,"Independent, circumpolar focus",Freemium,"Articles, partner syndication, newsletter",Daily,Weekly,19,18,11,6,8,2,3,3,5,Underserved Arctic geography; partly overlaps High North News,"ArcticToday is an independent news site based in Anchorage, Alaska, founded by publisher Alice Rogoff, that combines its own reporting with syndicated stories from partner newsrooms across the circumpolar North. Use it to follow Arctic shipping, security, resource development, climate change and Indigenous governance in one place.","A single circumpolar news desk pooling reporting from Alaska, Canada, the Nordic countries, Greenland and Russia."
124,CABAR.asia,75,Regional,Central Asia Analysis,https://cabar.asia,Active,EN / RU,Russia and Central Asia,Central Asia,Kyrgyzstan,Institute for War and Peace Reporting (IWPR),Nonprofit,"Analytical, donor funded",Free,"Analysis, data journalism, reports",Several per Week,Weekly,19,18,9,7,6,3,4,3,6,Central Asia is underserved; nonprofit platform for local analysts,"The Central Asian Bureau for Analytical Reporting is a platform run by the Institute for War and Peace Reporting, publishing analysis by local journalists and researchers in English, Russian and Central Asian languages. Use it for policy analysis on Kazakhstan, Kyrgyzstan, Tajikistan, Turkmenistan and Uzbekistan written from inside the region.",Analysis of all five Central Asian states written mainly by local authors trained through its own media school.
125,CORRECTIV,75,Specialist,Nonprofit Investigative Journalism,https://correctiv.org,Active,DE / EN,Europe / Switzerland,Germany / Switzerland / Europe,Germany,CORRECTIV Recherchen für die Gesellschaft gGmbH,Nonprofit,"Independent, public interest",Free,"Investigations, fact checks, newsletters, events",Daily,Weekly,24,12,12,6,7,2,5,4,3,Nonprofit ownership diversity; Swiss desk adds a priority geography,"CORRECTIV is a nonprofit investigative newsroom founded in 2014 and based in Essen and Berlin, financed by donations and foundations and publishing its finances. Read it in German, with selected English translations, for cross border investigations, fact checking and its newer Swiss desk.","Germany's first donor funded investigative newsroom, with citizen participation projects and a dedicated Swiss edition."
126,Caixin Global,75,Regional,China Business / Investigative,https://www.caixinglobal.com,Active,EN,Taiwan and Greater China,China,China,Caixin Media Company Ltd.,Commercial,"Market liberal, reform minded",Paid,"Articles, newsletters, data, podcast",Daily,Weekly,20,18,12,5,7,2,4,4,3,Rare reporting from inside China; privately run newsroom,"Caixin Global is the English edition of Caixin Media, the Beijing business news group founded by Hu Shuli. Read it for reported coverage of Chinese finance, regulation, companies and public health from inside the mainland, while remembering that it works within censorship limits.",Investigative business reporting produced inside mainland China by a privately run newsroom with a record of testing official limits.
127,Coda Story,75,Specialist,Authoritarianism / Disinformation,https://www.codastory.com,Active,EN,Global / Russia and Central Asia / Europe,Global / Eurasia,United States,"Coda Media, Inc.",Nonprofit,"Independent, liberal democratic",Free,"Features, investigations, newsletters, podcasts, events",Several per Week,Weekly,21,13,12,6,9,2,5,4,3,Nonprofit with a Caucasus and Eurasia vantage point,"Coda Story is a nonprofit newsroom launched in 2016 by Natalia Antelava and Ilan Greenberg, registered in New York with an editorial hub in Tbilisi, Georgia. Use it for sustained thematic reporting on authoritarian technology, disinformation, the rewriting of history and oligarchy, with strong coverage of Eurasia.","Follows a few authoritarian trends over months instead of chasing daily news, from a Tbilisi editorial base."
128,Global Facility for Disaster Reduction and Recovery (GFDRR),75,Research,Disaster Risk Finance and Data,https://www.gfdrr.org,Active,EN,Global,Global,United States,World Bank Group,Intergovernmental,"Institutional, development oriented",Free,"Reports, tools, open data",Monthly,Monthly,23,11,14,5,10,2,4,4,2,Overlaps with the World Bank entry but adds hazard data,"GFDRR is a World Bank partnership that funds and studies disaster risk management in low and middle income countries, publishing reports, open risk data initiatives and tools such as ThinkHazard. Use it for risk financing, resilient infrastructure and open hazard data perspectives.",Pairs disaster risk research with open data tools built for planners in developing countries.
129,Inter Press Service (IPS),75,Specialist,Development / Global South,https://www.ipsnews.net,Active,EN / ES / FR,Global / Sub-Saharan Africa / Latin America and Brazil,Global South,Italy,IPS Inter Press Service International Association,Nonprofit,"Development focused, Global South",Free,"Wire articles, opinion, newsletters",Daily,Weekly,20,15,11,6,9,4,4,3,3,Nonprofit cooperative wire with Global South correspondents,"Inter Press Service is a nonprofit international news agency founded in 1964 and headquartered in Rome, organized as a cooperative of journalists reporting on development, the United Nations, civil society and the Global South. Use it for UN and SDG coverage written by correspondents in Africa, Asia, Latin America and the Caribbean.","A wire service built around development and civil society, staffed largely by journalists from the countries they cover."
130,Le Monde Afrique,75,Regional,Africa Desk / Francophone Africa,https://www.lemonde.fr/afrique/,Active,FR,Sub-Saharan Africa / Middle East and North Africa,"Africa, with a Francophone focus",France,Groupe Le Monde,Commercial,"Centre left, institutional",Freemium,"Articles, newsletter, video",Daily,Weekly,25,18,6,7,6,5,4,4,0,Francophone Africa depth offsets redundancy with Le Monde already listed,"Le Monde Afrique is the Africa desk of the Paris daily Le Monde, published by Groupe Le Monde with correspondents and contributors across the continent. Use it for French language reporting on North and West Africa held to the parent paper's editorial standards, alongside independent African outlets.",A paper of record's dedicated Africa desk writing in French for both African and European readers.
131,Musicworks,75,Ideas,Experimental Music / Sound Art,https://www.musicworks.ca,Active,EN,Canada and Quebec,Canada,Canada,Musicworks Society of Ontario,Nonprofit,"Independent, experimental arts",Freemium,"Print magazine with companion audio, online features",Quarterly,Per Issue,20,13,13,6,7,2,5,3,6,Fills the sound art gap from Canada; nonprofit publisher,"Musicworks is a Toronto magazine of experimental music and sound art founded in 1978 and published three times a year by the nonprofit Musicworks Society of Ontario, each issue paired with a curated recording. Use it for profiles of Canadian composers, improvisers, sound artists and instrument builders, including Quebec and Indigenous practitioners.","Canada's only magazine devoted to experimental sound, issued with companion audio since the cassette era."
132,Nature,75,Research,Multidisciplinary Science Journal,https://www.nature.com,Active,EN,Global,Global,United Kingdom,Springer Nature,Commercial,"Scientific, editorially independent",Freemium,"Peer reviewed papers, news, features, comment, podcast, daily briefing newsletter",Weekly,Weekly,27,5,15,8,9,2,5,4,0,"Prestige title, but its news desk adds distinct value","A weekly multidisciplinary science journal founded in 1869 and published in London by Springer Nature, combining peer reviewed research with a professional news and comment section. Use the news pages and the Nature Briefing newsletter for science policy, climate and AI research, and consult papers as primary evidence.",Joins a flagship peer reviewed journal to a staffed newsroom covering science policy every week.
133,Nawaat,75,Regional,Tunisia Independent Media,https://nawaat.org,Active,AR / FR / EN,Middle East and North Africa,Tunisia / North Africa,Tunisia,Nawaat (Tunisian nonprofit association),Nonprofit,"Rights based, independent",Free,"Investigations, opinion, documentary video, magazine",Several per Week,Weekly,20,18,9,6,6,5,4,3,4,North African independent with original French content; underserved geography,"Nawaat is an independent Tunisian media platform founded in 2004 as a collective blog by Sami Ben Gharbia and Riadh Guerfali, publishing in Arabic, French and English. Use it for investigations, opinion and documentary video on Tunisian politics, rights, economy and environment after the 2011 revolution.","Began as a dissident collective blog under Ben Ali, censored in Tunisia until 2011, and grew into a full newsroom."
134,Neue Zürcher Zeitung (NZZ),75,Anchor,Swiss Paper of Record,https://www.nzz.ch,Active,DE / EN,Switzerland / Europe,Switzerland / Europe,Switzerland,NZZ-Mediengruppe (AG für die Neue Zürcher Zeitung),Commercial,"Classical liberal, centre right",Freemium,"Articles, analysis, newsletters, podcasts",Continuous,Weekly,24,18,8,6,7,2,4,4,2,Swiss paper of record for a priority geography,"The Neue Zürcher Zeitung is the Zurich daily founded in 1780 and published by the NZZ media group, known for international correspondence, economics and a classical liberal editorial line. Read it in German, or through its English section, for Swiss politics, finance and European affairs.","Switzerland's German language paper of record, publishing continuously since 1780."
135,Orient XXI,75,Regional,Middle East / Maghreb Analysis,https://orientxxi.info,Active,FR / EN / AR / ES / IT,Middle East and North Africa,"Middle East, North Africa and Muslim Worlds",France,Association Orient XXI,Reader Funded Independent,"Independent, left leaning",Free,"Articles, analysis, reportage, dossiers",Several per Week,Weekly,20,16,11,5,6,5,5,3,4,Francophone analysis of the Maghreb and Mashriq; independent association,"An online magazine founded in Paris in 2013 by former Le Monde diplomatique editor Alain Gresh and run by a nonprofit association of journalists, academics and former diplomats. Use it in French for reporting and analysis on the Maghreb, Egypt, Palestine and the Gulf, with selected pieces in Arabic and English.","French language analysis of the Arab and Muslim worlds by regional writers, with translations into Arabic, English and other languages."
136,Radio Free Europe/Radio Liberty (RFE/RL),75,Anchor,International Broadcaster / Eurasia,https://www.rferl.org,Active,Multi / EN / RU,Russia and Central Asia / Europe / Middle East and North Africa / South Asia,"Eastern Europe, Russia, Central Asia, Iran, Afghanistan",Czechia,"RFE/RL, Inc.",State Funded International,"Press freedom mission, American funded",Free,"Articles, video, radio, investigations, newsletters",Continuous,Weekly,21,18,9,6,5,3,4,4,5,Central Asia reporting that the portfolio otherwise lacks,"Radio Free Europe/Radio Liberty is a broadcaster funded by the United States Congress and headquartered in Prague, reporting in more than twenty languages for countries where the press is restricted. Use its English site and Russian service for reporting from Central Asia, the Caucasus, Russia, Iran and Afghanistan.",Local language bureaus across Central Asia and the Caucasus that few other outlets can match.
137,Reliefs,75,Ideas,Exploration / Geography / Natural History,https://reliefseditions.com,Active,FR,Global,Global,France,Reliefs Éditions,Commercial,"Independent, exploratory",Paid,"Print revue, themed issues",Twice Yearly,Per Issue,20,8,13,6,9,5,5,4,5,Fills a French geography and exploration gap; independent publisher,"Reliefs is a French revue from Reliefs Éditions devoted to explorers past and present, built around themed issues such as Mer that weave geography, natural science, history, literature, maps and photography. Read each issue slowly as a French companion to site studies and to the geographic imagination behind fieldwork.","Treats exploration as a meeting point of geography, science, literature and image, one territory or element per issue."
138,The Continent,75,Regional,African Weekly Newspaper,https://www.thecontinent.org,Active,EN,Sub-Saharan Africa / Middle East and North Africa,"Africa, continent wide",South Africa,All Protocol Observed (nonprofit publisher),Nonprofit,"Independent, African perspective",Free,Weekly digital newspaper sent by messaging app and email,Weekly,Weekly,22,16,7,7,6,2,5,5,5,"Continent wide African reporting, nonprofit, novel distribution","The Continent is a free weekly newspaper launched in 2020 from Johannesburg and designed to be read and shared on WhatsApp, Signal and email, with reporters across Africa. Read each compact issue for original African reporting, photography and data pages; it began with the Mail & Guardian and now publishes independently.",A newspaper laid out for the phone screen and distributed as a file through messaging apps.
139,The Diplomat,75,Regional,Asia Pacific Affairs,https://thediplomat.com,Active,EN,Taiwan and Greater China / Japan and Korea / Southeast Asia / South Asia / Russia and Central Asia,Asia Pacific / Central Asia,United States,Diplomat Media Inc.,Commercial,"Centrist, analytical",Freemium,"Articles, monthly magazine, podcasts, newsletter",Daily,Weekly,20,16,11,7,7,2,4,4,4,Regular Central Asia coverage fills an underserved geography,"The Diplomat is an online current affairs magazine on the Asia Pacific, published by Diplomat Media Inc. and written largely by regional scholars, journalists and analysts. Use it for regular analysis of Taiwan, China, Japan, Southeast Asia and Central Asia, checking individual authors since quality varies by contributor.","One magazine covering all of the reader's Asian priorities, including a standing Central Asia section."
140,The New York Times,75,Anchor,General News / Investigations,https://www.nytimes.com,Active,EN / ES / ZH-Hant / ZH-Hans,United States / Global,United States and Global,United States,The New York Times Company,Commercial,"Centre left, establishment liberal",Paid,"Articles, investigations, newsletters, podcasts, graphics",Continuous,Weekly,26,14,10,7,8,4,3,5,-2,Prestige with a United States centred frame,"American daily owned by The New York Times Company, with one of the largest newsrooms and foreign correspondent networks in the world. Use it for investigations, science, technology and culture coverage, and for its Chinese edition, while keeping in mind its United States centred frame.","The largest newsroom in the directory, with a Chinese language edition readable in Traditional characters."
141,amaBhungane,75,Regional,South Africa Investigative,https://amabhungane.org,Active,EN,Sub-Saharan Africa,South Africa / Southern Africa,South Africa,amaBhungane Centre for Investigative Journalism NPC,Nonprofit,"Investigative, public interest",Free,"Investigations, advocacy, newsletter",Several per Week,Weekly,24,14,12,6,6,2,5,3,3,Nonprofit investigative newsroom in southern Africa,"The amaBhungane Centre for Investigative Journalism is a nonprofit newsroom in South Africa, funded by donors and public contributions, that investigates corruption, state capture and corporate misconduct. Use it for documented accountability reporting on southern Africa and for its advocacy work on access to information and media freedom.",A donor and crowd funded investigative unit that pairs its reporting with litigation for information rights.
142,iPolitics,75,Regional,Canadian Federal Politics,https://www.ipolitics.ca,Active,EN,Canada and Quebec,"Canada, Ottawa",Canada,Torstar Corporation,Commercial,"Nonpartisan, insider",Freemium,"Articles, briefings, newsletters, podcasts",Daily,Weekly,21,18,11,7,8,2,4,4,0,Federal policy detail; overlaps Globe and CBC,"Ottawa based digital outlet covering Parliament, federal departments, committees and party politics, founded in 2010 and owned by Torstar since 2018. Use it for daily detail on legislation and federal policy files that national papers summarize; ownership was not rechecked for this audit.","Daily reporting from Parliament Hill at the level of committees, bills and departmental files."
143,Cartographic Perspectives,74,Research,Cartography Practice / Theory,https://cartographicperspectives.org,Active,EN,Global / United States / Canada and Quebec,North America / Global,United States,North American Cartographic Information Society (NACIS),Academic,"Academic, practitioner led",Free,"Peer reviewed articles, practice pieces, reviews",Quarterly,Per Issue,23,4,14,6,10,2,5,4,6,Cartography practice gap; society run open access journal,"Cartographic Perspectives is the open access, peer reviewed journal of the North American Cartographic Information Society, publishing research articles alongside practitioner pieces on map design, techniques and cartographic collections. Use it for working knowledge from mapmakers and to follow debates in the NACIS community.",A society journal that puts peer reviewed research and hands on mapmaking practice in the same free issue.
144,China Digital Times (中国数字时代),74,Regional,China Censorship Monitoring,https://chinadigitaltimes.net,Active,EN / ZH-Hans,Taiwan and Greater China,China,United States,China Digital Times Inc.,Nonprofit,"Rights based, independent",Free,"Translations, archives, lexicon, newsletter",Daily,Weekly,18,15,14,5,8,3,4,4,3,Censorship archive nobody else maintains; nonprofit,"Bilingual nonprofit site founded by Xiao Qiang and based in California, which archives censored Chinese posts, leaked propaganda directives and online slang, and translates them into English. Use it to see what is being removed from the Chinese internet and how people write around censorship.","A running archive of deleted Chinese posts and leaked censorship instructions, translated into English."
145,Cultural Survival,74,Specialist,Global Indigenous Rights,https://www.culturalsurvival.org,Active,EN / ES,Arctic and Indigenous / Global / Latin America and Brazil,Global / Indigenous Peoples,United States,"Cultural Survival, Inc.",Nonprofit,Indigenous rights advocacy,Free,"Quarterly magazine, news, radio, reports",Several per Week,Weekly,18,17,12,4,7,3,4,4,5,Underserved Indigenous peoples coverage from a nonprofit,"Cultural Survival is an Indigenous led nonprofit founded in 1972 and based in Cambridge, Massachusetts, which publishes Cultural Survival Quarterly and produces Indigenous Rights Radio in many languages. Use it for writing by Indigenous authors on land defence, language, climate and UN rights mechanisms worldwide.","Indigenous authored reporting and radio from communities worldwide, produced by an organization active since 1972."
146,Devex,74,Specialist,Global Development / Aid,https://www.devex.com,Active,EN,Global,Global,United States,Devex (founded and led by Raj Kumar),Commercial,"Sector insider, solutions minded",Freemium,"News, newsletters, funding data, jobs board",Daily,Weekly,21,12,13,7,9,2,4,5,1,Aid sector depth complements humanitarian outlets; commercial and partly paywalled,"Devex is a Washington based media platform and social enterprise for the global development community, founded in 2000 and led by Raj Kumar. Use its Newswire and reporting on aid budgets, United Nations agencies, donor policy and development careers, with deeper funding analysis behind the Pro paywall.",Combines a newsroom with the development sector's main jobs board and funding database.
147,Eos,74,Specialist,Earth / Space Science News,https://eos.org,Active,EN / ES,Global,Global,United States,American Geophysical Union (AGU),Nonprofit,"Scientific, nonpartisan",Free,"News, features, research spotlights, editors' highlights, opinion",Daily,Weekly,23,7,13,8,10,2,5,4,2,Scientific society newsroom; hazards and hydrology suit flood mapping,"The science news magazine of the American Geophysical Union, a nonprofit scientific society in Washington, covering Earth and space science for researchers and the public. Use its research spotlights and news on hydrology, natural hazards, climate, remote sensing and geohealth to track new findings relevant to flood and risk mapping.","A scientific society's own newsroom summarizing new geoscience papers in plain language, with selected Spanish translations."
148,Follow the Money (FTM),74,Specialist,Financial Investigations / Europe,https://www.ftm.eu,Active,NL / EN,Europe,Netherlands / European Union,Netherlands,Follow the Money (independent company funded by members),Reader Funded Independent,"Independent, accountability focused",Freemium,"Investigations, dossiers, newsletter, podcast",Daily,Weekly,23,12,12,6,7,2,5,4,3,Member funded model; European Union money trail beat,"Follow the Money is a Dutch investigative platform founded in 2010 and funded by its members, publishing in Dutch at ftm.nl and in English at ftm.eu. Use the English edition for investigations into European Union institutions, lobbying, subsidies and corporate finance.","Financial investigations paid for by members, with a Brussels desk that tracks money through European Union institutions."
149,Inside Climate News,74,Specialist,Climate / Energy,https://insideclimatenews.org,Active,EN,United States / Global,United States / Global,United States,Inside Climate News (independent nonprofit),Nonprofit,"Nonpartisan, accountability focused",Free,"Articles, investigations, newsletters",Daily,Weekly,24,10,13,6,9,2,5,4,1,"Nonprofit, but overlaps climate nonprofits already in the portfolio","Inside Climate News is a nonprofit, nonpartisan newsroom founded in 2007 and based in New York, with reporters spread across American states and regions. Use it for investigations into fossil fuel accountability, climate law, environmental justice and energy policy, mostly through a United States lens.",A Pulitzer Prize winning climate newsroom with a network of state level environmental reporters across the United States.
150,Landscape Research,74,Research,Landscape Studies Journal,https://www.tandfonline.com/journals/clar20,Active,EN,Global / Europe,Global,United Kingdom,"Landscape Research Group (published by Routledge, Taylor & Francis)",Academic,"Academic, interdisciplinary",Paid,"Peer reviewed articles, special issues, book reviews",Monthly,Monthly,24,5,14,7,10,1,5,3,5,Fills the landscape architecture gap; owned by an academic charity,"Landscape Research is the peer reviewed journal of the Landscape Research Group, a British charity founded in 1967, published by Routledge for Taylor & Francis. Use it for scholarship that joins landscape architecture, geography, planning, heritage and environmental humanities, including work on landscape justice, perception and climate adaptation.","A charity owned journal treating landscape as a shared object of design, geography and the humanities."
151,Malaysiakini,74,Regional,Malaysia Independent News,https://www.malaysiakini.com,Active,EN / MS / ZH-Hans / TA,Southeast Asia,Malaysia,Malaysia,Mkini Dotcom Sdn Bhd,Reader Funded Independent,"Independent, reformist",Freemium,"News, commentary, video, letters",Continuous,Weekly,21,19,8,7,6,3,4,3,3,Subscriber supported independent in a priority Southeast Asian country,"Malaysiakini is an independent Malaysian news site founded in 1999 by Steven Gan and Premesh Chandran and published by Mkini Dotcom in English, Malay, Chinese and Tamil. Use it for daily reporting and commentary on Malaysian politics, courts and civil society from outside the party linked press.","Malaysia's first online only newsroom, sustained by subscriptions and publishing in four languages."
152,Mekong Review,74,Ideas,Asian Literature / Ideas,https://mekongreview.com,Active,EN,Southeast Asia,Southeast Asia and wider Asia,Australia,Minh Bui Jones,Reader Funded Independent,"Literary, independent",Freemium,"Quarterly magazine of essays, reviews, fiction, poetry",Quarterly,Per Issue,19,16,11,7,6,2,5,3,5,"Covers Cambodia, Myanmar and Vietnam; small independent publisher","Mekong Review is an independent quarterly of essays, reviews, fiction and poetry on Asian politics, history and literature, founded in Phnom Penh in 2015 by Minh Bui Jones. Read it for long essays by writers from Vietnam, Cambodia, Myanmar, Malaysia and Singapore that rarely appear in Western reviews.","A literary review edited from within Asia, giving space to writers from mainland Southeast Asia."
153,ODI Global,74,Research,Development / Humanitarian Policy,https://odi.org,Active,EN,Global,Global South,United Kingdom,ODI Global,Think Tank,"Evidence based, progressive development",Free,"Reports, briefings, commentary, events, podcasts",Several per Week,Weekly,22,10,14,6,10,2,4,4,2,Humanitarian policy research close to the reader's field,"ODI Global, formerly the Overseas Development Institute, is a London think tank on development, climate and humanitarian policy that discloses its funders. Use the reports of its Humanitarian Policy Group for evidence on aid reform, local response, displacement and anticipatory action relevant to humanitarian mapping work.","Home of the Humanitarian Policy Group, a main research voice on reform of the aid system."
154,Science (AAAS),74,Research,Science Journal / News,https://www.science.org,Active,EN,Global / United States,Global,United States,American Association for the Advancement of Science,Nonprofit,"Academic, nonpartisan",Freemium,"Peer reviewed journal, news, policy forums, podcast",Weekly,Weekly,27,5,15,8,8,2,5,4,0,Flagship journal from a nonprofit society; overlaps other science outlets,"Science is the weekly peer reviewed journal of the American Association for the Advancement of Science, paired with a staff newsroom that follows research policy and funding. Use the news section for reporting on science and government, and the journal for primary research and policy forums.",Combines a flagship research journal with an independent news desk governed by its own published editorial standards.
155,The Guardian,74,Anchor,General News / Investigations,https://www.theguardian.com,Active,EN,Global / Europe / United States,United Kingdom and Global,United Kingdom,Scott Trust Limited (through Guardian Media Group),Family or Trust Owned,"Centre left, liberal",Free,"Articles, longform, podcasts, newsletters, data and interactives",Continuous,Weekly,25,17,8,6,8,2,3,5,0,Already a named portfolio baseline; no adjustment,"A British daily founded in Manchester in 1821 and owned by the Scott Trust Limited, a structure meant to protect editorial independence and reinvest profits in journalism. Use it for open access coverage of climate, labour, migration and human rights, while keeping its centre left editorial line in mind.",Trust ownership and voluntary reader contributions keep a large international newsroom free to read with no paywall.
156,The Insider,74,Regional,Russia Investigative / Exile Media,https://theins.ru/en,Active,RU / EN,Russia and Central Asia,Russia,Latvia,The Insider (founder and editor Roman Dobrokhotov),Reader Funded Independent,"Investigative, anti Kremlin",Free,"Investigations, news, analysis, video",Daily,Weekly,21,18,12,5,6,3,4,3,2,Exile investigative outlet; independent of state and oligarch owners,"The Insider is a Russian investigative outlet founded in 2013 by Roman Dobrokhotov and operated in exile from Latvia, publishing in Russian and English. Use the English edition for investigations into Russian intelligence operations, corruption and disinformation, often produced with partners such as Bellingcat and Der Spiegel.",Exile investigative journalism known for identifying Russian intelligence officers through leaked data and open source methods.
157,Topos,74,Ideas,Landscape Architecture / Urban Design,https://toposmagazine.com,Active,EN,Europe / Global,Europe and Global,Germany,Georg Media (Georg GmbH & Co. KG),Commercial,"Professional, design focused",Freemium,"Print magazine, web articles",Quarterly,Per Issue,19,11,14,6,10,2,4,3,5,Fills the landscape architecture gap,"International review of landscape architecture and urban design, published quarterly in English from Munich by Georg Media. Read it for themed issues on public space, climate adaptation, water and planning practice, with project criticism from European and global offices.","A quarterly devoted to landscape architecture as a discipline, with each issue built around one theme."
158,Aboriginal Policy Studies,73,Research,Indigenous Policy Research,https://journals.library.ualberta.ca/aps/index.php/aps,Active,EN,Canada and Quebec / Arctic and Indigenous,"Canada, Indigenous peoples",Canada,"Faculty of Native Studies, University of Alberta",Academic,"Academic, nonpartisan",Free,"Peer reviewed articles, commentary, book reviews",Irregular,Every Two Weeks,23,14,12,7,7,1,5,2,2,"Indigenous policy research, open access; no issue found since 2023","Open access, peer reviewed journal from the Faculty of Native Studies at the University of Alberta, focused on policy affecting Métis, non status and urban Indigenous peoples in Canada. Use it for research articles and commentary; the latest issue found is dated 2023, so treat it as slow or dormant.","The one journal dedicated to policy for Métis, non status and urban Indigenous populations in Canada."
159,Balkan Insight,73,Regional,Balkans / Investigations,https://balkaninsight.com,Active,EN,Europe,Southeast and Central Europe,Bosnia and Herzegovina,Balkan Investigative Reporting Network (BIRN),Nonprofit,"Rights based, independent",Freemium,"News, investigations, analysis, databases",Daily,Weekly,23,13,11,7,6,2,4,4,3,Nonprofit network covering a region the big outlets neglect,"Balkan Insight is the English language publication of the Balkan Investigative Reporting Network, a nonprofit network of newsrooms across Southeast Europe. Use it for investigations and daily analysis on corruption, war crimes trials, digital rights and democratic backsliding in the Balkans and Central Europe.",Follows war crimes trials and transitional justice across the Balkans with local reporters in each country.
160,Bloomberg CityLab,73,Specialist,Urbanism / Cities / Housing,https://www.bloomberg.com/citylab,Active,EN,Global / United States,"Global, with a United States emphasis",United States,Bloomberg L.P.,Commercial,"Centrist, urbanist",Freemium,"Articles, newsletters, maps, data graphics",Daily,Weekly,23,10,12,6,10,2,4,4,2,Urbanism reporting and a maps newsletter; corporate owner already present,"CityLab is Bloomberg's desk on cities, covering housing, transport, design, local government and climate adaptation; it began at The Atlantic in 2011 and was relaunched under Bloomberg in 2020. Use it for reported urban policy stories and for its MapLab newsletter on cartography, within Bloomberg's metered paywall.","A full newsroom desk on cities that also publishes MapLab, a newsletter devoted to maps."
161,Central News Agency / Focus Taiwan (中央通訊社),73,Anchor,Taiwan News Agency,https://focustaiwan.tw,Active,ZH-Hant / EN / JA,Taiwan and Greater China,Taiwan / Cross Strait,Taiwan,Central News Agency (publicly funded national news agency),Public Broadcaster,"Institutional, state funded",Free,"Wire reports, articles, photos, video",Continuous,Weekly,21,19,6,6,6,5,4,4,2,"National wire for a top priority geography, with Japanese parallel text","The Central News Agency is Taiwan's national news agency, a publicly funded corporation that runs a Chinese language wire at cna.com.tw and the Focus Taiwan service in English and Japanese. Use it as the factual baseline for Taiwanese politics, cross strait affairs and society, and for parallel reading across languages.","Taiwan's national wire, offering the same day's news in Traditional Chinese, English and Japanese."
162,Folha de S.Paulo,73,Anchor,Brazil Daily Newspaper,https://www.folha.uol.com.br,Active,PT / EN / ES,Latin America and Brazil,Brazil,Brazil,Grupo Folha (Frias family),Family or Trust Owned,"Centrist, pluralist",Freemium,"News, analysis, columns, data, podcasts",Continuous,Weekly,24,18,6,7,6,3,3,4,2,Brazilian paper of record; family owned and outside the anglophone press,"Folha de S.Paulo is a Brazilian daily newspaper founded in 1921 and owned by Grupo Folha, controlled by the Frias family, with selected articles in English and Spanish. Use it for national politics, economy and environment in Brazil, and for its ombudsman column and published editorial manual.",A Brazilian paper of record with an independent ombudsman and a public editorial manual.
163,Hakai Magazine,73,Specialist,Coastal Science / Ecology,https://hakaimagazine.com,Archive,EN,Global / Canada and Quebec / Arctic and Indigenous,Global Coasts / British Columbia,Canada,Tula Foundation (Hakai Institute),Nonprofit,"Independent, science journalism",Free,"Archived longform features, news, audio editions, video",Archive,Archive Only,24,14,14,6,9,2,5,3,-4,"Closed at the end of 2024; archive only, though relevant to coastal flooding","Hakai Magazine was an online magazine of coastal science and societies published from Victoria, British Columbia from 2015 and funded by the Tula Foundation. It stopped publishing at the end of 2024; its archive of long features on shorelines, fisheries, coastal hazards and coastal communities remains online.",A decade of long science journalism devoted solely to coastlines and the people who live on them.
164,IMF Blog and Finance & Development,73,Research,Macroeconomics / Global Finance,https://www.imf.org/en/Publications/fandd,Active,EN / FR / ES / AR / RU / ZH-Hans,Global,Global,United States,International Monetary Fund,Intergovernmental,"Institutional, market liberal",Free,"Quarterly magazine, blog posts, charts, podcasts",Several per Week,As Needed,24,9,13,5,8,5,4,5,0,Primary institutional voice; no independent perspective,"The IMF Blog and the quarterly magazine Finance & Development are published by the International Monetary Fund in Washington, presenting staff analysis and outside essays on macroeconomics, debt, trade, labour markets, climate finance and AI. Use them as a primary institutional source, in English, French and other languages, read alongside critics.","The Fund's own explanation of its research and positions, issued in parallel across its official languages."
165,LSE Cities / Urban Age,73,Research,Urban Research / Policy,https://www.lse.ac.uk/cities,Active,EN,Global / Europe,Global cities,United Kingdom,London School of Economics and Political Science,Academic,"Academic, policy oriented",Free,"Reports, essays, city data, conference recordings",Irregular,Every Two Weeks,23,8,13,6,10,2,4,4,3,Fills an urbanism research gap; university based,"LSE Cities is a research centre at the London School of Economics, and Urban Age is its long running program of conferences and comparative studies of large cities, run with the Alfred Herrhausen Gesellschaft. Use its reports, essays and city data on density, transport, governance and climate.","Comparable data and essays on cities across continents, gathered through two decades of conferences."
166,MIT Technology Review,73,Specialist,Technology / AI,https://www.technologyreview.com,Active,EN,Global / United States,Global,United States,Massachusetts Institute of Technology,Academic,"Evidence based, independent",Freemium,"Magazine, articles, newsletters, podcasts",Daily,Weekly,23,8,13,7,10,2,4,5,1,University ownership adds institutional diversity among technology outlets,"MIT Technology Review is a magazine and website owned by the Massachusetts Institute of Technology and run with editorial independence, covering AI, computing, biotechnology, energy and climate technology. Use The Download newsletter for a daily scan and the long features for sober assessments of what new systems can do.","A university owned technology magazine, founded in 1899, that tests industry claims against research evidence."
167,Myanmar Now,73,Regional,Myanmar Independent News,https://myanmar-now.org,Active,EN / MY,Southeast Asia,Myanmar,"Myanmar (operating in exile, base not disclosed)",Myanmar Now,Nonprofit,"Independent, critical of junta",Free,"News, investigations, features",Daily,Weekly,21,17,9,5,5,2,5,3,6,Exile newsroom covering underserved Myanmar,"Myanmar Now is an independent news agency founded in 2015 and led by editor Swe Win, publishing in Burmese and English and working largely from exile since the 2021 military coup. Read it for investigations into the junta, armed resistance, displacement and the economy inside Myanmar.",Investigative reporting sourced from inside Myanmar by a newsroom the junta has banned.
168,NHK World-Japan,73,Anchor,Japan Public Broadcaster,https://www3.nhk.or.jp/nhkworld/,Active,Multi / EN / FR / ZH-Hant / ZH-Hans / JA / ES / AR / RU,Japan and Korea,Japan and Asia,Japan,NHK (Japan Broadcasting Corporation),Public Broadcaster,"Institutional, public service",Free,"Live TV, video on demand, articles, radio, language lessons",Continuous,Weekly,23,18,6,6,6,5,4,4,1,Learner material for Japanese alongside the news service,"NHK World-Japan is the international service of NHK, the Japanese public broadcaster, offering news, documentaries and radio in many languages. Use it for a reliable overview of Japanese and Asian affairs and disaster information, and pair its language lessons with Japanese reading practice.","Japanese public broadcasting in many languages, with free Japanese lessons and strong disaster reporting."
169,Nippon.com,73,Regional,Japan Multilingual Features,https://www.nippon.com,Active,Multi / JA / EN / ZH-Hant / ZH-Hans / FR / ES / AR / RU,Japan and Korea,Japan,Japan,Nippon Communications Foundation,Nonprofit,"Centrist, establishment",Free,"Features, data notes, commentary, video",Daily,Weekly,20,16,9,6,6,5,4,4,3,Parallel language editions support Japanese study; foundation run,"Nippon.com is a multilingual website about Japan run by the Nippon Communications Foundation in Tokyo, publishing features, data notes and commentary on society, politics, economy and culture. Use the parallel Japanese, English, French and Chinese versions of one article for reading practice and for background on Japan.","The same Japan features published in eight languages, including Traditional Chinese, French and the Japanese original."
170,Novaya Gazeta Europe (Новая газета Европа),73,Regional,Russia Exile Investigative,https://novayagazeta.eu,Active,RU / EN,Russia and Central Asia / Europe,Russia / Europe,Latvia,"Novaya Gazeta Europe (independent, registered in Latvia)",Reader Funded Independent,"Independent, liberal, antiwar",Free,"Articles, investigations, video, newsletter",Daily,Weekly,21,18,9,5,6,3,4,4,3,Exile independent newsroom; some overlap with other Russian exile media,"Novaya Gazeta Europe is the exile newsroom founded in Riga in 2022 by former Novaya Gazeta journalists, led by editor in chief Kirill Martynov. Read its English edition for investigations and reporting on Russian politics, the war in Ukraine, repression and society that cannot be published inside Russia.","The exile successor to the paper of Nobel laureate Dmitry Muratov, declared an undesirable organisation by Russia."
171,Phenomenal World,73,Ideas,Political Economy / Heterodox Economics,https://www.phenomenalworld.org,Active,EN / PT / ES,Global / Latin America and Brazil,Global / Brazil,United States,Jain Family Institute,Nonprofit,"Left, heterodox economics",Free,"Essays, interviews, newsletter",Weekly,Weekly,21,9,13,6,9,3,5,4,3,Heterodox political economy gap; nonprofit institute; Brazil analysis,"Phenomenal World is a publication of political economy and social analysis produced by the Jain Family Institute in New York, with essays, interviews and research summaries. Read it for careful work on finance, industrial policy, energy transition, labour and development, including regular analysis of Brazil and Latin America.","Essays that turn current academic political economy into readable analysis, edited inside an applied research institute."
172,Premium Times,73,Regional,Nigeria Investigative News,https://www.premiumtimesng.com,Active,EN,Sub-Saharan Africa,Nigeria / West Africa,Nigeria,Premium Times Services Limited,Commercial,"Independent, accountability focused",Free,"News, investigations, fact checks, opinion",Continuous,Weekly,21,18,10,6,6,2,3,3,4,West African investigative depth from an independent Nigerian newsroom,"Premium Times is a Nigerian online newspaper based in Abuja, launched in 2011 and published by Dapo Olorunyomi through Premium Times Services Limited. Use it for investigations into corruption, security and elections in Nigeria, and as a West African partner in cross border reporting projects.","A Nigerian digital newsroom built around investigations, with a sister centre for fact checking and data journalism."
173,Rappler,73,Regional,Philippines Independent News,https://www.rappler.com,Active,EN,Southeast Asia,Philippines,Philippines,Rappler Holdings Corporation,Commercial,"Independent, liberal, watchdog",Free,"Articles, investigations, video, fact checks, newsletters",Continuous,Weekly,22,17,10,6,7,2,3,4,2,Journalist led independent in Southeast Asia,"Rappler is a Manila based digital news organization founded in 2012 by Maria Ressa and fellow journalists and owned by Rappler Holdings Corporation. Use it for English language reporting on Philippine politics, disinformation networks, platform accountability and disasters, supported by an active fact checking desk.",A journalist founded Philippine newsroom whose research on disinformation networks became an international reference for platform accountability.
174,The Moscow Times,73,Regional,Russia News / Exile Media,https://www.themoscowtimes.com,Active,EN / RU,Russia and Central Asia,Russia,Netherlands,Stichting 2 Oktober,Nonprofit,"Independent, liberal, exile",Free,"News, analysis, opinion, newsletters, podcasts",Daily,Weekly,22,17,9,6,6,3,4,4,2,Exile newsroom under foundation ownership for a priority region,"The Moscow Times is an independent English and Russian language news outlet founded in Moscow in 1992 by Derk Sauer and run from Amsterdam since 2022, after wartime censorship laws forced the newsroom abroad. Use it for daily Russian politics, economy, society and regional coverage that state media will not carry.","The oldest independent English language outlet on Russia, banned there as an undesirable organization and now reporting from exile."
175,The Tyee,73,Regional,British Columbia Independent News,https://thetyee.ca,Active,EN,Canada and Quebec,"British Columbia, Canada",Canada,The Tyee Independent Media Society,Nonprofit,"Progressive, independent",Free,"Articles, newsletters, solutions series",Daily,Weekly,22,18,7,6,7,2,4,4,3,"Nonprofit, reader supported voice from Western Canada","The Tyee is a Vancouver based online magazine founded in 2003 that became a nonprofit in 2022 and relies largely on reader contributions. Read it for original reporting on British Columbia politics, housing, labour, climate and Indigenous affairs that national outlets cover thinly.",A reader supported nonprofit newsroom giving Western Canada the sustained regional scrutiny that Montreal and Toronto media rarely provide.
176,AlgorithmWatch,72,Specialist,Algorithmic Accountability / AI Policy,https://algorithmwatch.org,Active,EN / DE,Europe / Switzerland / Global,Europe / Global,Germany,AlgorithmWatch gGmbH,Nonprofit,"Rights based, advocacy",Free,"Reports, investigations, explainers, newsletter",Several per Week,Weekly,20,11,13,5,10,2,4,4,3,Nonprofit AI accountability specialist with a Swiss branch,"AlgorithmWatch is a nonprofit research and advocacy organization based in Berlin, with a sister organization in Zurich, that investigates automated decision making and its effects on people. Use it for evidence on how AI systems are deployed in welfare, policing, workplaces and platforms across Europe.","Combines investigative journalism, system audits and advocacy on automated decision making, with offices in Berlin and Zurich."
177,BBC News Russian (BBC News Русская служба),72,Anchor,Russian Language Public Broadcaster,https://www.bbc.com/russian,Active,RU,Russia and Central Asia / Europe,Russia / Former Soviet Space,United Kingdom,British Broadcasting Corporation (BBC World Service),Public Broadcaster,"Centrist, institutional",Free,"Articles, video, podcasts, investigations",Continuous,Weekly,25,18,8,7,5,2,4,4,-1,"Language service of a listed anchor, offset by Russia and Central Asia depth","BBC News Russian is the Russian language service of the BBC World Service, edited from London with many staff relocated to Riga after Russia blocked the site in 2022. Use it through browser translation for original reporting on Russia, the war in Ukraine and Central Asia.","Russian language reporting under BBC editorial guidelines, produced largely from exile after the 2022 block."
178,BBC News 中文 (BBC Chinese),72,Anchor,Public Broadcaster Language Service,https://www.bbc.com/zhongwen/trad,Active,ZH-Hant / ZH-Hans,Taiwan and Greater China / Global,Chinese Speaking World and Global,United Kingdom,BBC (BBC World Service),Public Broadcaster,"Centrist, public service",Free,"Articles, explainers, video",Daily,Weekly,25,17,6,8,6,5,4,3,-2,Language service of BBC already listed; Traditional Chinese adds value,"The Chinese language service of the BBC World Service, published in Traditional and Simplified script and blocked in mainland China. Use the Traditional edition for original features on Taiwan, Hong Kong and China written under BBC editorial guidelines, and for world news explained in Chinese.","BBC editorial standards applied to original Chinese language reporting, with a full Traditional script edition."
179,Chatham House,72,Research,International Affairs Think Tank,https://www.chathamhouse.org,Active,EN,Global / Europe / Russia and Central Asia,"United Kingdom, Europe and Global",United Kingdom,Royal Institute of International Affairs,Think Tank,"Centrist, institutional",Freemium,"Research papers, expert comment, events, podcast, The World Today magazine, International Affairs journal",Several per Week,Weekly,22,13,12,7,8,2,4,4,0,"Prestige institution, offset by distinct Russia and Africa programs","The Royal Institute of International Affairs, an independent policy institute founded in London in 1920 that publishes research papers, expert comment, the journal International Affairs and the magazine The World Today. Use its Russia and Eurasia, Africa and environment programs for British institutional analysis, and check its funder disclosures.","Origin of the Chatham House Rule, pairing a century of British foreign policy convening with longstanding regional research programs."
180,Current History,72,Research,World Affairs Journal,https://online.ucpress.edu/currenthistory,Active,EN,Global,Global,United States,"Current History, Inc. (published by University of California Press)",Academic,"Academic, nonpartisan",Paid,"Journal issues, essays, book reviews",Monthly,Monthly,22,13,11,7,7,2,5,4,1,Regional issues by scholars; modest overlap with policy journals,"Current History is a journal of contemporary world affairs founded in 1914 and now published by University of California Press, with nine issues a year that each focus on one region. Use the annual China, Russia and Eurasia, Africa and Latin America issues for overviews written by scholars.","The oldest United States publication devoted solely to world affairs, organised as yearly issues on single regions."
181,Digital Humanities Quarterly (DHQ),72,Research,Digital Humanities Journal,https://dhq.digitalhumanities.org,Active,EN,Global,Global,United States,Alliance of Digital Humanities Organizations (ADHO),Academic,"Academic, nonpartisan",Free,"Peer reviewed articles, reviews, special issues",Quarterly,Per Issue,23,3,14,7,9,2,5,3,6,Fills the digital humanities gap; open academic publishing,"An open access peer reviewed journal of digital humanities published by the Alliance of Digital Humanities Organizations and edited from Northeastern University. Use it for methods and critique in text encoding, spatial humanities, data visualization and digital archives, including occasional special issues in French, Spanish and Portuguese.","A fully open journal of record for digital humanities, published with no author or reader fees."
182,Environment and Planning D: Society and Space,72,Research,Critical Human Geography,https://journals.sagepub.com/home/epd,Active,EN,Global,Global,United Kingdom,SAGE Publications,Commercial,"Academic, critical theory",Freemium,"Peer reviewed journal, open companion magazine with essays, forums and book reviews",Quarterly,Per Issue,24,4,14,6,10,1,5,3,5,Critical geography gap; open companion magazine widens access,"A peer reviewed journal of critical human geography published by SAGE, examining how space, power and social life shape each other through theory and empirical work. Use the journal for scholarship on territory, borders, race and infrastructure, and the free companion site Society and Space for essays, forums and book reviews.","A central theoretical journal of critical geography, paired with an open companion magazine of essays and forums."
183,Grist,72,Specialist,Climate / Environmental Justice,https://grist.org,Active,EN,United States / Global,United States / Global,United States,"Grist Magazine, Inc.",Nonprofit,"Progressive, solutions oriented",Free,"Articles, newsletters, explainers",Daily,Weekly,23,11,12,6,9,2,4,4,1,Indigenous affairs desk adds value; otherwise overlaps climate nonprofits,"Grist is a nonprofit newsroom founded in 1999 and based in Seattle, reporting on climate change, energy, environmental justice and solutions, mostly in the United States. Use it for accessible explainers and for its Indigenous affairs desk, which covers land, treaty and resource stories.",A climate newsroom with a standing Indigenous affairs desk and a justice centred approach to solutions reporting.
184,Journal of the American Planning Association,72,Research,Urban Planning Journal,https://www.tandfonline.com/journals/rjpa20,Active,EN,United States,United States,United States,American Planning Association (Taylor & Francis),Academic,"Academic, nonpartisan",Paid,Peer reviewed journal,Quarterly,Per Issue,24,7,14,7,10,1,5,2,2,Planning research; paywalled,"JAPA is the peer reviewed journal of the American Planning Association, publishing research on land use, housing, transportation, hazard mitigation and planning practice for both scholars and practitioners. Use it for evidence on what planning interventions actually achieve.","Research written to be usable by practising planners, with a practice implications section in each article."
185,L'Orient Today / L'Orient-Le Jour,72,Regional,Lebanon / Francophone Levant,https://today.lorientlejour.com,Active,EN / FR,Middle East and North Africa,Lebanon and the Levant,Lebanon,L'Orient-Le Jour (Société Générale de Presse et d'Édition),Commercial,"Liberal, independent",Freemium,"Articles, analysis, newsletters, live coverage",Daily,Weekly,22,13,8,7,6,5,4,4,3,Francophone view of the Levant from a local newsroom,"L'Orient Today is the English edition of L'Orient-Le Jour, the French language Lebanese daily published in Beirut. Use either edition for independent reporting and analysis on Lebanon, Syria and the wider Levant, with the French pages offering deeper culture and opinion coverage.",A Francophone Arab daily with a full English edition produced by its own newsroom.
186,La Silla Vacía,72,Regional,Colombia Politics / Power,https://www.lasillavacia.com,Active,ES,Latin America and Brazil,Colombia,Colombia,Blogosfera Producciones,Commercial,"Independent, liberal",Free,"Analysis, investigations, databases, podcasts",Daily,Weekly,21,15,9,7,6,4,4,4,2,Independent Latin American outlet with Spanish practice value,"La Silla Vacía is an independent Colombian digital outlet founded in 2009 by journalist Juanita León that explains how political power works in Colombia. Read it in Spanish for analysis of Congress, the presidency, regional politics and peace implementation, plus databases that map who holds influence.",Maps Colombian power networks person by person and is open about its own funders.
187,Landscape Architecture Magazine,72,Ideas,Landscape Architecture / Practice,https://landscapearchitecturemagazine.org,Active,EN,United States / Global,United States / Global,United States,American Society of Landscape Architects,Nonprofit,"Professional, practice focused",Freemium,"Monthly magazine, features, criticism, project reviews",Monthly,Monthly,21,6,14,6,10,2,4,4,5,Fills the landscape architecture gap named in the brief,"Landscape Architecture Magazine is the monthly magazine of the American Society of Landscape Architects, published since 1910 and covering built projects, planning, ecology and professional practice. Use it to follow how the profession responds to flooding, heat, coastal retreat and public space, mostly through North American cases.","The magazine of record for landscape architecture practice in North America, published by the profession's own society since 1910."
188,Les Affaires,72,Regional,Quebec Business News,https://www.lesaffaires.com,Active,FR,Canada and Quebec,Quebec,Canada,Groupe Contex,Commercial,"Business oriented, centrist",Freemium,"Articles, print editions, newsletters, events, rankings",Daily,Weekly,20,18,9,6,6,5,3,3,2,Quebec business coverage in French under local ownership,"Les Affaires is Quebec's main French language business publication, founded in 1928 and owned since 2019 by Groupe Contex, a Montreal company led by Pierre Marcoux. Use it for Quebec companies, labour shortages, regional economies, real estate and industrial policy that national English business media rarely cover.","Quebec's long standing French language business paper, covering small and medium enterprises and regional economies."
189,Plaza Pública,72,Regional,Guatemalan Investigative Journalism,https://www.plazapublica.com.gt,Active,ES,Latin America and Brazil,Guatemala,Guatemala,Universidad Rafael Landívar,Academic,"Independent, rights focused",Free,"Investigations, analysis, opinion, data",Several per Week,Weekly,22,16,10,6,6,4,5,3,0,Central America depth offset by uncertain publishing status,"Guatemalan digital outlet for investigative and analytical journalism, founded in 2011 at the Jesuit Universidad Rafael Landívar. Read it in Spanish for long reporting on corruption, inequality, land and Indigenous rights in Guatemala; recent pages suggest a farewell or restructuring, so confirm it still publishes.","University founded investigative journalism from Guatemala, a country few outlets in the directory cover."
190,Syria Direct,72,Regional,Syria Independent Reporting,https://syriadirect.org,Active,EN / AR,Middle East and North Africa,Syria,Jordan,Syria Direct,Nonprofit,"Independent, rights based",Free,"Reports, features, interviews, journalist training",Several per Week,Weekly,21,13,10,6,8,3,5,3,3,Nonprofit built on locally trained reporters; humanitarian relevance,"Syria Direct is a nonprofit journalism organization founded in Amman in 2013 that publishes in English and Arabic and trains Syrian reporters, working through a network of correspondents inside the country. Use it for local reporting on displacement, housing and property, services, reconstruction and transitional politics that international outlets cover only episodically.","Reporting in English and Arabic by Syrian journalists it trains itself, with long attention to housing, land and property rights."
191,Temblor,72,Specialist,Earthquake Science News,https://temblor.net,Active,EN,Global,Global,United States,Temblor Inc.,Commercial,"Scientific, independent",Free,"Articles, hazard app",Weekly,Weekly,20,8,14,6,9,2,5,4,4,Adds earthquake hazard science,"Temblor publishes articles by seismologists explaining recent earthquakes, aftershock forecasts and seismic hazard research, alongside a public hazard app. Use it to understand an earthquake within days of the event, written by scientists rather than general reporters.","Seismologists write the explainers, often within days of a significant earthquake."
192,African Affairs,71,Research,African Studies Journal,https://academic.oup.com/afraf,Active,EN,Sub-Saharan Africa / Middle East and North Africa,Africa,United Kingdom,Royal African Society (published by Oxford University Press),Academic,"Academic, nonpartisan",Freemium,"Peer reviewed journal, briefings, book reviews",Quarterly,Per Issue,24,12,13,7,6,1,5,2,1,Scholarly depth on Africa; dense and largely behind a paywall,"African Affairs is the quarterly peer reviewed journal of the Royal African Society, founded in 1901 and published by Oxford University Press. Use it for scholarly articles on politics, society and political economy across the continent, and for briefings and book reviews that give context to news coverage.","Among the oldest English language journals of African studies, combining research articles with shorter topical briefings."
193,Al Jazeera English,71,Anchor,International News,https://www.aljazeera.com,Active,EN,Global / Middle East and North Africa,Global / Middle East / Global South,Qatar,Al Jazeera Media Network,State Funded International,"Global South, Qatar funded",Free,"Articles, live video, documentaries, podcasts",Continuous,Weekly,20,16,9,6,7,2,4,4,3,Non Western network with bureaus across Africa and the Middle East,"Al Jazeera English is the English language news channel and website of the Al Jazeera Media Network, based in Doha and funded by the state of Qatar. Use it for field reporting from the Middle East, Africa and Asia, and read its Gulf coverage knowing who pays for it.","A large correspondent network headquartered in the Global South, framing world news from outside the Atlantic capitals."
194,Center for Global Development (CGD),71,Research,Global Development Economics,https://www.cgdev.org,Active,EN,Global / Sub-Saharan Africa,Global,United States,Center for Global Development,Think Tank,"Centrist, evidence based",Free,"Working papers, policy briefs, blog, data tools, podcasts",Several per Week,Weekly,23,9,13,6,9,2,4,4,1,Useful on aid finance; Washington think tank prestige limits the gain,"The Center for Global Development is an independent think tank founded in Washington in 2001 by Edward Scott, Fred Bergsten and Nancy Birdsall, with a European office in London and published funder lists. Use it for research and blog analysis on aid budgets, development finance, migration, global health and multilateral reform.","Economist led scrutiny of aid effectiveness and donor budgets, including an index ranking rich countries on development policy."
195,France 24,71,Anchor,International News,https://www.france24.com,Active,FR / EN / AR / ES,Global / Europe / Sub-Saharan Africa / Middle East and North Africa,Global / Francophone world,France,France Médias Monde,State Funded International,"Centrist, French public service",Free,"Articles, live video, programs, podcasts",Continuous,Weekly,23,16,6,7,6,5,3,4,1,Francophone Africa reach; overlaps with AFP and Le Monde,"France 24 is the international news broadcaster of France Médias Monde, the French state owned media group, publishing around the clock in French, English, Arabic and Spanish. Use it for rolling coverage of Francophone Africa, the Maghreb and Europe, and for reading one story across several languages.","Four parallel language newsrooms under one public mandate, with particular reach in Francophone Africa and the Maghreb."
196,Indigenous Climate Action,71,Research,Indigenous Climate Justice,https://www.indigenousclimateaction.com,Active,EN,Canada and Quebec / Arctic and Indigenous,"Canada, Indigenous nations",Canada,Indigenous Climate Action,Nonprofit,"Indigenous rights, advocacy",Free,"Reports, toolkits, podcast, blog",Irregular,Every Two Weeks,16,17,10,4,9,2,4,3,6,Indigenous led nonprofit voice on climate in Canada,"Indigenous Climate Action is an Indigenous led organization in Canada, founded in 2015, that publishes reports, toolkits and a podcast on climate policy and Indigenous sovereignty. Use its Decolonizing Climate Policy reports as a primary source on how federal plans treat Indigenous rights, read as advocacy and not as neutral reporting.",An Indigenous led organization that analyses Canadian climate policy from the standpoint of Indigenous rights and knowledge systems.
197,La Revue nouvelle,71,Ideas,Belgian Francophone Intellectual Review,https://www.revuenouvelle.be,Active,FR,Europe,Belgium / Francophone Europe,Belgium,La Revue nouvelle ASBL,Nonprofit,"Progressive, pluralist",Freemium,"Print issues, thematic dossiers, essays, online articles",Monthly,Monthly,20,10,10,7,8,5,5,3,3,Francophone vantage outside France; independent nonprofit association,"La Revue nouvelle is a Belgian French language review of politics, society and culture founded in Brussels in 1945 and published by an independent nonprofit association with an editorial committee of academics and practitioners. Use it for essays and thematic dossiers on Belgian federalism, Europe, social policy, migration and ideas from a progressive pluralist position.","A Belgian Francophone general review publishing reasoned dossiers since 1945, outside both Paris and the party press."
198,Maisonneuve,71,Ideas,Montreal Arts / Ideas Quarterly,https://maisonneuve.org,Active,EN,Canada and Quebec,Montreal / Canada,Canada,Maisonneuve Magazine Association,Nonprofit,"Independent, eclectic",Freemium,"Quarterly magazine, long features, essays, fiction",Quarterly,Per Issue,20,16,8,7,7,2,5,3,3,Independent Montreal nonprofit quarterly; local English language voice,"Maisonneuve is an English language quarterly of arts, opinion and ideas founded in Montreal in 2002 and published by a nonprofit association. Use it for long reported features, essays and fiction that look at Canadian life from Montreal, at a pace that suits weekend reading.","An independent general interest quarterly edited in Montreal, known for long reported pieces by emerging Canadian writers."
199,New Bloom Magazine (破土),71,Regional,Taiwan Politics / Social Movements,https://newbloommag.net,Active,EN / ZH-Hant,Taiwan and Greater China,Taiwan / Asia Pacific,Taiwan,New Bloom Magazine,Collective,"Left, youth activist",Free,"Articles, commentary, interviews, photo essays",Daily,Weekly,17,19,9,4,7,5,4,3,3,Volunteer collective; Taiwanese left view absent from larger outlets,"New Bloom is an online magazine founded in Taipei in 2014 by activists and writers after the Sunflower Movement, published in English and Traditional Chinese under founding editor Brian Hioe. Use it for left perspectives on Taiwanese politics, labour disputes, social movements and cross strait relations.",A volunteer run bilingual magazine giving a Taiwanese left and social movement reading of events in English and Traditional Chinese.
200,Repeating Islands,71,Ideas,Caribbean Culture / Arts,https://repeatingislands.com,Active,EN,Caribbean,Caribbean / Diaspora,United States,Ivette Romero and Lisa Paravisini-Gebert,Academic,"Academic, cultural curation",Free,"Blog posts, news digests, reviews, calls for papers",Daily,Weekly,16,15,12,6,7,3,4,3,5,Underserved Caribbean arts coverage by scholars; reduced because it aggregates,"Repeating Islands is a blog founded in 2009 and edited by the Caribbean studies scholars Ivette Romero and Lisa Paravisini-Gebert, who gather news and commentary on the region's culture. Use it as a daily digest of Caribbean literature, visual art, film, music, environment and scholarly events across the island language areas.","A scholar run daily digest covering the Anglophone, Hispanic, Francophone and Dutch Caribbean together."
201,Ricochet,71,Regional,Canadian Independent Journalism,https://ricochet.media,Active,EN,Canada and Quebec / Arctic and Indigenous,Canada,Canada,Ricochet Media,Reader Funded Independent,"Left, progressive",Free,"Articles, investigations, newsletter",Several per Week,Weekly,19,18,9,5,7,2,4,3,4,Reader funded; Indigenous land defence reporting others lack,"Canadian reader funded outlet founded in 2014 out of Quebec's student movement, now publishing in English. Use it for field reporting on Indigenous land defence, policing, labour and press freedom that larger Canadian newsrooms cover thinly.",Crowdfunded Canadian newsroom known for frontline reporting from Indigenous land defence actions and the press freedom cases that followed.
202,Tech Policy Press,71,Specialist,Technology Policy / Democracy,https://www.techpolicy.press,Active,EN,Global / United States / Europe,Global / United States,United States,Tech Policy Press,Nonprofit,"Public interest, democracy focused",Free,"Analysis, commentary, podcast, newsletter, policy trackers",Daily,Weekly,21,8,13,7,10,2,4,4,2,Nonprofit AI governance commentary; some overlap with other technology outlets,"Tech Policy Press is a nonprofit publication founded by Justin Hendrix and Bryan Jones in New York, publishing analysis and commentary from researchers, lawyers and advocates on technology and democracy. Use it for AI governance, platform regulation, surveillance and content moderation debates in the United States, Europe and the Global South.","A nonprofit venue where academics and practitioners argue technology regulation in detail, with a weekly podcast."
203,Tempo (Indonesia),71,Regional,Indonesia Investigative Newsmagazine,https://en.tempo.co,Active,ID / EN,Southeast Asia,Indonesia,Indonesia,PT Tempo Inti Media Tbk,Commercial,"Independent, liberal",Freemium,"Magazine, articles, investigations",Daily,Weekly,22,15,9,7,6,2,4,4,2,Indonesian investigative tradition widens Southeast Asia coverage,"Tempo is an Indonesian news group in Jakarta, publisher of the weekly Tempo magazine founded in 1971 and banned under Suharto from 1994 to 1998. Use its English site for investigations into corruption, politics, environment and human rights in Southeast Asia's largest country.","Indonesia's investigative newsweekly, a symbol of press freedom since surviving a ban under Suharto."
204,Terrestres,71,Ideas,Political Ecology / Philosophy,https://www.terrestres.org,Active,FR,Europe,France / Francophone,France,Association Les Terrestres,Nonprofit,"Radical ecology, left",Free,"Essays, book reviews, translations",Weekly,Weekly,19,9,12,5,9,5,5,3,4,French political ecology gap; donation funded association,"Terrestres is a free French language online review of political ecology founded in 2018 and run by an editorial collective through the association Les Terrestres, supported by reader donations. Use it for essays, book reviews and translations on radical ecology, land struggles, technology critique and environmental philosophy.",A French review that joins environmental humanities scholarship with accounts from land and climate struggles.
205,The Conversation Africa,71,Specialist,Academic Journalism / Africa,https://theconversation.com/africa,Active,EN,Sub-Saharan Africa / Middle East and North Africa,Africa,South Africa,The Conversation Africa (nonprofit member of The Conversation network),Nonprofit,"Academic, nonpartisan",Free,"Analysis articles, explainers, newsletters, podcasts",Daily,Weekly,23,15,9,7,8,2,4,4,-1,"African expertise, but a regional edition of an outlet already listed","The Conversation Africa is the African edition of The Conversation, launched in 2015 and based in Johannesburg with editors in several African cities. Use it for analysis by researchers at African universities on health, climate, cities, politics and economies, free to read and to republish.","Draws its authors mainly from African universities, giving researchers on the continent a public voice."
206,World Health Organization (WHO),71,Research,Global Public Health,https://www.who.int,Active,EN / FR / ES / AR / RU / ZH-Hans,Global,Global,Switzerland,World Health Organization,Intergovernmental,"Intergovernmental, technical",Free,"Outbreak notices, guidance, situation reports, data",Daily,Weekly,25,9,14,5,6,5,3,4,0,"Primary source, but health sits outside the core themes","The World Health Organization is the United Nations specialized agency for health, based in Geneva, and publishes outbreak notices, technical guidance, situation reports and the Global Health Observatory data. Use it as a primary source in health emergencies, reading its statements as those of an agency answerable to member states.","Disease Outbreak News gives the official, dated record of each notified public health event."
207,African Climate Foundation,70,Research,Africa Climate Policy,https://africanclimatefoundation.org,Active,EN,Sub-Saharan Africa / Middle East and North Africa,Africa,South Africa,African Climate Foundation,Nonprofit,Climate and development advocacy,Free,"Newsletter, reports, policy briefs",Irregular,Every Two Weeks,19,14,11,5,9,2,4,3,3,African led climate policy voice; nonprofit foundation,"The African Climate Foundation is an African led grant maker and policy organisation based in Cape Town, working where climate action meets development, energy, trade and finance. Use its newsletter and reports for African perspectives on adaptation finance, energy transitions and industrial policy across the continent.","The first African led strategic climate philanthropy, publishing policy research from within the continent."
208,Americas Quarterly,70,Regional,Latin America Policy,https://americasquarterly.org,Active,EN / ES / PT,Latin America and Brazil / Caribbean,Latin America,United States,Americas Society/Council of the Americas (AS/COA),Think Tank,"Market liberal, institutional",Free,"Magazine, analysis, podcast, newsletter",Several per Week,Weekly,20,15,9,6,7,3,4,4,2,Latin America policy coverage; publisher has corporate members,"Americas Quarterly is a magazine on politics, business and culture in Latin America, published in New York by Americas Society and Council of the Americas and edited by Brian Winter. Use it for English language analysis of elections, economies and democratic institutions, with selected articles in Spanish and Portuguese.","Policy analysis of the whole hemisphere written for decision makers, with regular country by country election guides."
209,Courrier international,70,Anchor,International Press Review,https://www.courrierinternational.com,Active,FR,Global / Europe,"Global press, in French",France,Groupe Le Monde,Commercial,"Pluralist, centre left selection",Freemium,"Weekly magazine, translated articles, newsletters",Daily,Weekly,22,11,9,9,7,5,4,4,-1,"Aggregated content and Le Monde ownership, offset by translation value","Courrier international is a French weekly owned by Groupe Le Monde that selects and translates articles from newspapers and magazines around the world. Use it to compare how the press in different countries frames the same events, reading in French sources first written in Chinese, Japanese, Russian, Arabic or Spanish.",Translates the press of many countries into French and identifies each source and its leaning.
210,Daraj (درج),70,Regional,Arab Independent Investigations,https://daraj.media,Active,AR / EN,Middle East and North Africa,Lebanon / Arab World,Lebanon,Daraj S.A.L.,Commercial,"Independent, liberal, rights based",Free,"Investigations, features, opinion, video, podcasts",Daily,Weekly,20,15,10,6,6,3,4,3,3,Journalist owned Arab outlet outside state and party media,"Daraj is an independent digital outlet founded in Beirut in 2017 by the journalists Hazem al-Amin, Alia Ibrahim and Diana Moukalled, publishing in Arabic with a smaller English section. Use the English pages, or translation, for investigations into corruption, gender, minorities and the environment across the Arab world.","Founded and owned by veteran Arab journalists instead of a state or party, and a regular partner in global leak investigations."
211,Debates in the Digital Humanities,70,Research,Digital Humanities Debates,https://dhdebates.gc.cuny.edu,Active,EN,Global,Global,United States,University of Minnesota Press,Academic,"Academic, critical",Free,"Open access book series, annotatable online editions",Irregular,Every Two Weeks,23,2,14,8,9,1,5,3,5,Fills the digital humanities gap; open access,"Book series from the University of Minnesota Press, edited by Matthew K. Gold and Lauren F. Klein, with open access editions hosted on the Manifold platform at the CUNY Graduate Center. Use its volumes to follow arguments over method, labour, race and infrastructure in digital humanities.","The field's main venue for argument about itself, published as open, annotatable books."
212,Digital Scholarship in the Humanities,70,Research,Digital Humanities Journal,https://academic.oup.com/dsh,Active,EN,Global,Global,United Kingdom,"Oxford University Press, for the European Association for Digital Humanities",Academic,"Academic, computational humanities",Paid,"Peer reviewed articles, reviews, conference special issues",Quarterly,Per Issue,25,2,15,6,9,1,5,3,4,Fills the digital humanities gap; scholarly association journal,"Digital Scholarship in the Humanities is a peer reviewed journal published by Oxford University Press for the European Association for Digital Humanities and the Alliance of Digital Humanities Organizations, formerly titled Literary and Linguistic Computing. Use it for methods papers on text analysis, digital editions, spatial humanities and cultural heritage data.","The longest running journal of humanities computing, continuing Literary and Linguistic Computing, which began in 1986."
213,Geographical,70,Specialist,Popular Geography / Environment,https://geographical.co.uk,Active,EN,Global,Global,United Kingdom,"Syon Geographical Ltd, under licence from the Royal Geographical Society (with IBG)",Commercial,"Educational, nonpartisan",Freemium,"Monthly magazine, articles, podcast",Monthly,Monthly,20,11,11,6,10,2,4,4,2,Popular geography is thin elsewhere in the portfolio,"Geographical is the monthly magazine of the Royal Geographical Society (with IBG), founded in 1935 and published under licence by Syon Geographical in London. Use it for accessible features on environment, geopolitics, exploration and places, treating it as popular geography with occasional map stories, not as a cartography journal.","The general readership monthly of a national geographical society, bridging academic geography and travel writing."
214,International Court of Justice (ICJ),70,Research,International Law / Primary Source,https://www.icj-cij.org,Active,EN / FR,Global,Global,Netherlands,United Nations,Intergovernmental,"Judicial, institutional",Free,"Judgments, advisory opinions, orders, pleadings, press releases",Irregular,As Needed,27,5,13,7,7,5,4,2,0,Primary legal source in English and French; not a reading outlet,"The International Court of Justice is the principal judicial organ of the United Nations, seated in The Hague, and its website publishes judgments, advisory opinions, orders, pleadings and press releases in English and French. Use it to read rulings in full rather than relying on summaries in the news.","The full bilingual record of disputes between states and of advisory opinions, including the 2025 opinion on climate obligations."
215,International Journal of Disaster Risk Reduction,70,Research,Disaster Risk Reduction Journal,https://www.sciencedirect.com/journal/international-journal-of-disaster-risk-reduction,Active,EN,Global,Global,Netherlands,Elsevier,Commercial,"Academic, nonpartisan",Freemium,Peer reviewed journal,Monthly,Monthly,24,6,15,7,10,1,4,2,1,Valuable but partly paywalled and overlapping with NHESS,"A peer reviewed Elsevier journal covering the full disaster risk reduction field, from risk perception and governance to recovery, insurance and community resilience. Use it to scan new empirical studies, keeping in mind that many articles sit behind a paywall.","The widest single journal on disaster risk reduction, spanning engineering, social science and policy."
216,Knowable Magazine,70,Specialist,Science Journalism / Explainers,https://knowablemagazine.org,Active,EN / ES,Global,Global,United States,Annual Reviews,Nonprofit,"Scientific, nonpartisan",Free,"Articles, explainers, interviews, podcast, newsletter",Several per Week,Weekly,23,6,11,8,7,4,5,4,2,Nonprofit publisher; Spanish edition aids language practice,"A free digital magazine launched in 2017 by Annual Reviews, the nonprofit publisher of scholarly review journals in California, with philanthropic support. Use it for explainers that translate review articles across the sciences and social sciences into plain language, and read the Spanish edition for language practice.","Journalism built directly on scholarly review articles, with a parallel Spanish edition."
217,Momus,70,Ideas,Art Criticism,https://momus.ca,Active,EN,Canada and Quebec / Global,Canada and the international art world,Canada,Momus (founded by Sky Goodden),Reader Funded Independent,"Independent, critical",Free,"Criticism, essays, podcast",Weekly,Weekly,19,12,12,6,8,2,5,3,3,Independent Canadian art criticism; small publisher,"Momus is an independent online publication of art criticism founded in Toronto in 2014 by Sky Goodden, with an accompanying podcast. Use it for long reviews and essays that evaluate contemporary art and its institutions, with regular attention to Canadian artists and exhibitions.","A Canadian founded publication devoted to evaluative, long form art criticism."
218,New Naratif,70,Regional,Southeast Asia Democracy / Rights,https://newnaratif.com,Active,EN / MS / ID,Southeast Asia,Southeast Asia,Malaysia,Observatory Southeast Asia,Reader Funded Independent,"Democracy advocacy, independent",Free,"Articles, research, comics, podcasts",Irregular,Every Two Weeks,19,18,9,5,6,3,4,3,3,Member funded outlet on Singapore and Malaysia,"New Naratif is a member funded platform for journalism, research, comics and podcasts on democracy, labour and rights across Southeast Asia, started in 2017 by historian Thum Ping Tjin and colleagues. Read it for long explainers on Singapore and Malaysia, while checking how recently it has published.",Treats Southeast Asia as one shared political space and publishes comics alongside research.
219,Pivot,70,Regional,Quebec Independent News,https://pivot.quebec,Active,FR,Canada and Quebec,Quebec,Canada,Pivot (independent Quebec media organisation),Nonprofit,"Left, progressive",Free,"Articles, investigations, newsletter, video",Several per Week,Weekly,18,18,8,4,7,5,4,3,3,Independent Quebec newsroom in French; ownership diversity,"Independent French language news site in Quebec, launched in 2021 by journalists from Ricochet's French edition, with an openly progressive line. Read it for reporting on housing, labour, policing and social movements in Montreal and Quebec, alongside La Presse and Le Devoir.","Quebec's openly progressive independent newsroom, publishing original reporting in French without a paywall."
220,The Brazilian Report,70,Regional,Brazil News In English,https://brazilian.report,Active,EN,Latin America and Brazil,Brazil,Brazil,The Brazilian Report (founder Gustavo Ribeiro),Reader Funded Independent,"Centrist, explanatory",Freemium,"Newsletters, articles, podcast",Daily,Weekly,20,17,7,7,6,2,4,5,2,Independent English explainer on Brazil with strong newsletters,"The Brazilian Report is an independent English language newsroom founded in 2017 by Gustavo Ribeiro to explain Brazilian politics, economy and society to foreign readers. Use its Brazil Daily newsletter and Explaining Brazil podcast for regular context, especially through the 2026 election cycle, with full access by subscription.",An independent daily briefing on Brazil written in English by journalists based in the country.
221,The Public Domain Review,70,Ideas,Cultural History / Digital Curation,https://publicdomainreview.org,Active,EN,Global,Global,United Kingdom,The Public Domain Review (independent nonprofit founded by Adam Green),Reader Funded Independent,"Independent, open culture",Free,"Essays, curated image and text collections, newsletter, prints",Several per Week,Weekly,21,3,13,6,9,2,5,5,6,Cartography history and digital curation gap; reader funded,"An online journal founded in 2011 that curates images, books, maps and films in the public domain from libraries and archives and commissions essays by historians about them. Use it for the history of cartography, diagrams, scientific illustration and other symbolic systems, with every item linked to its source collection.","Curated public domain images and maps with scholarly essays, each traceable to the holding archive and free to reuse."
222,The Wall Street Journal,70,Anchor,Business / Financial Daily,https://www.wsj.com,Active,EN / ZH-Hans / ZH-Hant / JA,United States / Global,United States / Global,United States,Dow Jones and Company (News Corp),Commercial,"Centre right, market liberal",Paid,"Articles, newsletters, podcasts, video, market data",Continuous,Weekly,25,13,11,6,7,3,4,4,-3,Prestige anchor overlapping the FT and NYT; hard paywall,"The Wall Street Journal is the New York business daily published by Dow Jones, a News Corp company controlled by the Murdoch family, with Chinese and Japanese language editions. Use its news pages for markets, corporate and trade reporting, and read its conservative opinion section as a separate product.","Very deep daily corporate and markets reporting, with a news desk run separately from its conservative editorial page."
223,Undark,70,Specialist,Science / Society Journalism,https://undark.org,Active,EN,Global / United States,United States and Global,United States,Knight Science Journalism Program at MIT,Nonprofit,"Independent, science accountability",Free,"Articles, longform investigations, essays, podcast, newsletter",Several per Week,Weekly,23,8,11,8,7,2,5,4,2,Nonprofit with an academic host; accountability angle on science,"A nonprofit digital magazine published since 2016 by the Knight Science Journalism Program at the Massachusetts Institute of Technology, with stated editorial independence. Use it for reported features and investigations on where science meets politics, environment, health and technology, and for its openly documented fact checking practice.","Science journalism that treats research itself as a subject of accountability reporting, housed in a university journalism fellowship."
224,United Nations,70,Research,UN System / Official Documents,https://www.un.org,Active,EN / FR / ZH-Hans / ES / RU / AR,Global,Global / UN System,United States,United Nations,Intergovernmental,"Institutional, multilateral",Free,"Official documents, reports, treaties, data, press releases, webcasts",Daily,As Needed,25,10,12,5,10,5,3,3,-3,Overlaps UN News and the agency sites already listed,"The United Nations website is the official portal of the organization, giving access to resolutions, reports of the Secretary General, treaty texts, statistics and meeting records in the six official languages. Use it as the primary source to check what a UN body actually decided or published.","The authoritative record of UN decisions and documents, with parallel texts in six official languages."
225,Agencia EFE,69,Anchor,Spanish Language Wire Service,https://www.efe.com,Active,ES / EN / PT / AR,Europe / Latin America and Brazil / Global,"Spain, Latin America and Global",Spain,Agencia EFE (owned by the Spanish state through SEPI),State Funded International,"Institutional, state owned agency",Free,"Wire reports, articles, photo, video",Continuous,Every Two Weeks,22,16,7,7,5,4,3,3,2,Adds a Hispanophone wire beside the three global agencies,"Spain's national news agency, founded in 1939, based in Madrid and owned by the state holding company SEPI, with a large Spanish language correspondent network in Latin America. Use it for plain wire Spanish suited to a B1 reader and for Latin American coverage beyond what Reuters and AFP carry.","The main Spanish language wire, with bureaus across Latin America and clear agency prose useful for language practice."
226,Briarpatch Magazine,69,Regional,Canadian Left / Grassroots Politics,https://briarpatchmagazine.com,Active,EN,Canada and Quebec / Arctic and Indigenous,"Canada, Prairies",Canada,Briarpatch Inc.,Reader Funded Independent,"Left, movement based",Freemium,"Print magazine six times a year, online articles",Quarterly,Per Issue,18,17,9,4,8,2,4,3,4,"Reader supported nonprofit; Prairie, labour and Indigenous movement voices","An independent reader supported magazine published in Regina, Saskatchewan since 1973 by the nonprofit Briarpatch Inc., appearing six times a year. Use it for writing from inside Canadian labour, Indigenous land defence, prison abolition and climate justice movements, read as an openly committed left publication.","A movement magazine edited from the Prairies, with an annual labour issue and writing by organizers themselves."
227,Der Spiegel,69,Regional,German Newsmagazine / Investigations,https://www.spiegel.de,Active,DE / EN,Europe,Germany / Europe,Germany,Spiegel-Verlag Rudolf Augstein GmbH & Co. KG,Employee Owned,"Centre left, investigative",Freemium,"Weekly magazine, articles, video, podcasts",Continuous,Every Two Weeks,23,13,8,7,6,2,4,4,2,Employee ownership and a German vantage point on Europe,"Der Spiegel is Germany's largest weekly newsmagazine, published in Hamburg since 1947 by Spiegel-Verlag, in which staff hold a majority stake through an employee partnership. Use the English Spiegel International section for investigations and German views of European politics, since most reporting stays in German behind a paywall.","A major newsmagazine majority owned by its own employees, with a large in house fact checking department."
228,"Engaging Science, Technology, and Society (ESTS)",69,Research,Science and Technology Studies,https://estsjournal.org,Active,EN,Global,Global,United States,Society for Social Studies of Science (4S),Academic,"Academic, critical",Free,"Peer reviewed articles, thematic collections, essays",Quarterly,Per Issue,24,4,14,6,9,1,5,3,3,Open access society journal; critical study of technology and data,"Engaging Science, Technology, and Society is the open access journal of the Society for Social Studies of Science, launched in 2015 and free to both readers and authors. Use it for peer reviewed science and technology studies on infrastructure, data, expertise, environment and knowledge politics, including work by scholars outside Europe and North America.",The society journal of science and technology studies that charges neither readers nor authors.
229,Environmental Humanities,69,Research,Environmental Humanities Journal,https://read.dukeupress.edu/environmental-humanities,Active,EN,Global,Global,United States,Duke University Press,Academic,"Academic, interdisciplinary",Free,"Peer reviewed articles, special sections, living lexicon",Quarterly,Per Issue,24,3,13,7,9,1,5,3,4,Open access journal in an interdisciplinary gap,"International open access, peer reviewed journal published by Duke University Press and founded in 2012. Read it for interdisciplinary scholarship that brings history, philosophy, anthropology and the arts to bear on climate, extinction, land and multispecies questions, useful background for work on climate adaptation.","The field's main journal, free to read, joining humanities methods to environmental questions."
230,Hankyoreh (한겨레),69,Regional,South Korea Progressive Daily,https://english.hani.co.kr,Active,KO / EN / JA,Japan and Korea,South Korea,South Korea,Hankyoreh Media Company (citizen shareholders),Reader Funded Independent,"Progressive, centre left",Free,"Articles, editorials, columns",Daily,Every Two Weeks,22,14,8,5,7,3,4,3,3,Citizen shareholder ownership; progressive Korean daily in English,"Hankyoreh is a South Korean daily founded in 1988 by journalists dismissed under military rule and owned by tens of thousands of citizen shareholders. Use its English edition for progressive Korean reporting and editorials on labour, democracy, regional politics and relations between the two Koreas.","A national daily owned by citizen shareholders, founded to be independent of both government and conglomerates."
231,The Africa Report,69,Regional,African Politics / Business,https://www.theafricareport.com,Active,EN,Sub-Saharan Africa / Middle East and North Africa,"Africa, continent wide",France,Jeune Afrique Media Group,Commercial,"Business friendly, Pan African",Freemium,"Articles, magazine, newsletters",Daily,Every Two Weeks,20,16,9,6,7,2,4,3,2,Adds West and North Africa coverage from a Paris group,"The Africa Report is an English language news site and magazine on African politics, business and finance published in Paris by Jeune Afrique Media Group. Use it for country coverage across the continent, especially West, North and Central Africa, alongside its French sister title Jeune Afrique.","The English counterpart to Jeune Afrique, with strong sources in Francophone African capitals."
232,The Cryosphere,69,Research,Cryosphere Science Journal,https://www.the-cryosphere.net,Active,EN,Arctic and Indigenous / Global,Polar and Mountain Regions,Germany,European Geosciences Union (published by Copernicus Publications),Academic,"Academic, nonpartisan",Free,"Peer reviewed journal, open review discussions",Several per Week,Every Two Weeks,24,7,13,6,8,1,5,3,2,Open access Arctic and glacier science from a learned society,"The Cryosphere is an open access peer reviewed journal of the European Geosciences Union, published by Copernicus Publications, on glaciers, ice sheets, sea ice, snow and permafrost. Use it for primary research behind Arctic and mountain climate reporting, including the public review discussion attached to each paper.",Open peer review: referee reports and author replies are published alongside each paper.
233,The Economist,69,Anchor,Analysis / Geopolitics,https://www.economist.com,Active,EN,Global,Global,United Kingdom,The Economist Group (largest shareholder Exor),Commercial,"Market liberal, centrist",Paid,"Weekly edition, articles, podcasts, newsletters, data",Daily,Every Two Weeks,24,14,9,6,8,2,4,5,-3,Prestige title whose lens overlaps the FT already listed,"The Economist is a London weekly founded in 1843 and published by The Economist Group, offering unsigned analysis of politics, business, science and technology from every region. Use it for comparative framing and data journalism, keeping its market liberal editorial line in mind when reading conclusions.","A weekly with one collective voice and no bylines, backed by a large data journalism team."
234,The Wire (UK Music Magazine),69,Ideas,Experimental Music / Sound Art,https://www.thewire.co.uk,Active,EN,Global / Europe,Global / United Kingdom,United Kingdom,The Wire Magazine Ltd,Employee Owned,"Independent, avant garde criticism",Freemium,"Monthly magazine, reviews, features, digital archive, audio",Monthly,Monthly,20,5,14,6,7,2,5,4,6,Fills the sound art gap; staff owned,"The Wire is an independent monthly music magazine founded in London in 1982 and owned by its staff since a buyout in 2000. Use it for criticism of experimental, electronic, improvised, jazz and sound art practice worldwide, and for its complete digitized archive available to subscribers.",A staff owned monthly that has documented experimental music and sound art without a corporate parent since 2000.
235,Aeon,68,Ideas,Philosophy / Ideas / Essays,https://aeon.co,Active,EN,Global,Global,Australia,Aeon Media Group Ltd,Nonprofit,"Humanist, pluralist",Free,"Essays, short documentaries, newsletter",Daily,Every Two Weeks,21,3,13,8,9,2,5,5,2,Donor funded charity; philosophy essays in an accessible free format,"Aeon is a free digital magazine of philosophy, science, psychology, history and culture, published by the charity Aeon Media Group, which also runs the sister site Psyche. Use it for one long essay or short documentary at a time, written mostly by academics and edited for general readers.",A registered charity publishing long philosophical essays and curated short documentaries with no paywall and no advertising.
236,Africa Uncensored,68,Regional,East Africa Investigative,https://africauncensored.online,Active,EN,Sub-Saharan Africa,Kenya and East Africa,Kenya,Africa Uncensored Limited,Commercial,"Investigative, independent",Free,"Documentaries, investigations, fact checks, podcasts",Several per Week,Every Two Weeks,20,14,10,6,5,2,4,3,4,African owned independent investigative house,"Africa Uncensored is an independent investigative media house in Nairobi, founded in 2015 by John-Allan Namu and colleagues, that produces documentaries and written investigations on corruption, policing and public services in Kenya and East Africa. Use it for locally produced video investigations and its Piga Firimbi fact checking desk.","Investigative documentaries made and owned by Kenyan journalists, not by a foreign broadcaster."
237,Deutsche Welle (DW),68,Anchor,International Public Broadcaster,https://www.dw.com,Active,Multi / EN / FR / ES / ZH-Hant / ZH-Hans / RU / AR / DE,Global / Europe / Sub-Saharan Africa,"Germany, Europe and Global",Germany,Deutsche Welle (public law broadcaster funded by the German federal budget),State Funded International,"Centrist, public service",Free,"Articles, video, radio, podcasts, language courses",Continuous,Every Two Weeks,23,14,6,7,6,5,3,4,0,German vantage offsets overlap with other international broadcasters,"Germany's international broadcaster, a public law institution in Bonn and Berlin funded from the federal budget and publishing in about thirty languages. Use it for a German and European reading of world events, for its Africa and Asia desks, and for editions in French, Spanish and Chinese.","A continental European public voice in roughly thirty languages, including French for Africa and a Chinese service."
238,IEEE Spectrum,68,Specialist,Engineering / Technology,https://spectrum.ieee.org,Active,EN,Global,Global,United States,Institute of Electrical and Electronics Engineers (IEEE),Nonprofit,"Technical, professional association",Freemium,"Magazine, web articles, newsletters, podcasts",Daily,Every Two Weeks,23,5,14,6,9,2,4,4,1,Professional society publisher with engineering depth,"IEEE Spectrum is the magazine of the Institute of Electrical and Electronics Engineers, written by staff journalists and practising engineers on computing, artificial intelligence, robotics, energy and semiconductors. Read it for technically grounded reporting on how systems actually work, as a check on industry claims.","Technology journalism edited for and by engineers, published by the profession's own association."
239,Jeune Afrique,68,Regional,Francophone Africa News,https://www.jeuneafrique.com,Active,FR,Sub-Saharan Africa / Middle East and North Africa,Francophone Africa and the Maghreb,France,Jeune Afrique Media Group,Family or Trust Owned,"Centrist, establishment",Freemium,"Monthly magazine, daily website, newsletters",Daily,Every Two Weeks,18,17,7,6,6,5,3,4,2,"Francophone Africa reach, but mainstream and paywalled","Jeune Afrique is a Paris based news magazine on Africa founded in Tunis in 1960 by Béchir Ben Yahmed and still controlled by his family's media group. Use it for daily French language coverage of politics and business in the Maghreb and Francophone Africa, aware of its closeness to ruling circles.","The longest running Francophone news magazine on Africa, with unusual access to presidents and business elites."
240,Lawfare,68,Specialist,National Security Law,https://www.lawfaremedia.org,Active,EN,United States / Global,United States / Global,United States,The Lawfare Institute,Nonprofit,"Institutionalist, rule of law",Free,"Analysis, podcasts, newsletters, primary documents",Daily,Every Two Weeks,22,8,14,6,8,1,4,5,0,Unique legal depth offset by a United States security establishment vantage,"Lawfare is a nonprofit publication of the Lawfare Institute, produced in cooperation with the Brookings Institution and led by Benjamin Wittes, covering national security law and policy. Use it for close legal reading of cybersecurity, AI governance, surveillance, executive power and the law of armed conflict.","Lawyers and former officials analyze national security questions within hours, with the primary documents attached."
241,Planetizen,68,Specialist,Urban Planning News,https://www.planetizen.com,Active,EN,United States,United States,United States,Urban Insight Inc.,Commercial,"Pluralist, practitioner oriented",Freemium,"Curated news, op eds, courses",Daily,Every Two Weeks,18,8,13,7,10,2,3,4,3,Fills the urban planning news gap,"Planetizen is a planning news site that curates and summarizes stories on housing, transportation, land use and climate adaptation, with op eds and training for planners. Use it as a fast scan of planning debates, mainly in North America, then follow links to the original reporting.","A daily digest written for working planners, linking each summary to its original source."
242,Raseef22 (رصيف22),68,Regional,Arab Independent Media,https://raseef22.net,Active,AR / EN,Middle East and North Africa,Arab World,Lebanon,Levant Laboratories (publisher Kareem Sakka),Reader Funded Independent,"Progressive, rights based",Free,"Articles, essays, opinion, video",Daily,Every Two Weeks,19,15,9,6,6,3,4,3,3,Independent Arab voices including North Africa; ownership diversity,"Raseef22 is an independent Arabic digital outlet founded in Beirut in 2013, publishing reporting, essays and opinion on politics, rights, gender, culture and daily life across the 22 Arab states. Use its English section for voices from North Africa and the Levant that state aligned media exclude.","An independent platform for the whole Arab world, named for the 22 Arab states and blocked in several of them."
243,Review of International Political Economy,68,Research,International Political Economy,https://www.tandfonline.com/journals/rrip20,Active,EN,Global,Global,United Kingdom,Taylor & Francis (Routledge),Academic,"Academic, heterodox leaning",Paid,Peer reviewed journal articles,Quarterly,Per Issue,25,4,14,7,9,1,5,2,1,Academic depth on political economy beyond news outlets,"Review of International Political Economy is a peer reviewed journal published by Taylor and Francis under the Routledge imprint, covering global finance, trade, development, labour and the politics of markets. Use it for theory and evidence behind debates on globalization, sanctions, supply chains and technology governance.",A core journal for interdisciplinary and heterodox international political economy.
244,Revue du MAUSS,68,Research,French Social Theory,https://www.revuedumauss.com.fr,Active,FR,Europe,France,France,Association MAUSS (Mouvement anti-utilitariste dans les sciences sociales),Academic,"Critical of utilitarianism, convivialist",Paid,"Journal issues, essays, online supplement",Quarterly,Per Issue,22,4,13,6,8,5,5,2,3,French social theory run by a scholarly association,"French social science and philosophy review founded in 1981 by Alain Caillé and the Mouvement anti-utilitariste dans les sciences sociales, published twice a year. Read it in French for debates on gift economies, convivialism and critiques of economic reasoning, following the anthropology of Marcel Mauss.",The home of the French critique of utilitarianism and of the gift paradigm in social theory.
245,The Art Newspaper,68,Specialist,Art World News,https://www.theartnewspaper.com,Active,EN,Global / Europe / United States,Global art world,United Kingdom,AMTD Group (The Generation Essentials Group),Commercial,"Trade press, independent editorially",Freemium,"Monthly newspaper, daily web news, podcasts",Daily,Every Two Weeks,20,10,13,6,7,3,4,4,1,Adds arts news reporting; commercial conglomerate owner,"The Art Newspaper is an international publication on the visual arts founded in 1990, edited in London and New York, and owned since 2023 by AMTD Group. Use it for news on museums, the art market, heritage and cultural policy, with sister editions in French, Italian and other languages.","Covers the art world as a news beat, including its annual survey of museum attendance."
246,The Mainichi,68,Regional,Japan English News,https://mainichi.jp/english/,Active,EN,Japan and Korea,Japan,Japan,"The Mainichi Newspapers Co., Ltd.",Commercial,"Centre left, liberal",Free,"Articles, editorials, photo features",Daily,Every Two Weeks,23,17,6,7,5,3,4,3,0,Adds a centre left daily; overlaps other Japan English services,"The Mainichi is the English edition of the Mainichi Shimbun, one of Japan's national dailies, published by The Mainichi Newspapers in Tokyo. Use it for translated reporting, editorials and regional stories from Japan, and compare articles with the Japanese originals for language practice.","A centre left Japanese national daily's own translated reporting, including regional and social stories other English services skip."
247,The News Lens (關鍵評論網),68,Regional,Taiwan Digital News,https://www.thenewslens.com,Active,ZH-Hant / EN,Taiwan and Greater China,Taiwan / Asia,Taiwan,TNL Mediagene,Commercial,"Centrist, liberal",Free,"Articles, explainers, columns, podcasts, video",Daily,Every Two Weeks,18,17,7,7,7,5,3,4,0,"Taiwanese voice, but much syndicated content and overlap with stronger outlets","The News Lens is a Taipei digital outlet founded in 2013 by Joey Chung and Mario Yang, now part of the listed group TNL Mediagene. Read it in Traditional Chinese for explainers, commentary and columns on Taiwan and the region, checking sources because much content is syndicated or contributed.",A Taiwanese digital native outlet mixing newsroom explainers with a wide pool of outside columnists in Traditional Chinese.
248,openDemocracy,68,Specialist,Democracy / Rights / Labour,https://www.opendemocracy.net,Active,EN / ES / PT / RU,Global / Europe,Global,United Kingdom,openDemocracy Foundation for the Advancement of Global Education,Nonprofit,"Progressive, rights based",Free,"Investigations, analysis, opinion",Daily,Every Two Weeks,20,12,10,5,9,3,4,3,2,Nonprofit with a dedicated forced labour and migration desk,"openDemocracy is a London based nonprofit media platform, funded by foundations and reader donations, that publishes investigations and commentary on democracy, rights, dark money, gender and labour. Use it for accountability reporting and for the Beyond Trafficking and Slavery section on forced labour, noting its openly progressive line.","Publishes its funders in detail and runs a dedicated editorial section on trafficking, forced labour and migrant work."
249,Africa Is a Country,67,Regional,African Politics / Culture,https://africasacountry.com,Active,EN,Sub-Saharan Africa / Middle East and North Africa / Global,Africa / Diaspora,United States,Africa Is a Country,Nonprofit,"Left, Pan African",Free,"Essays, commentary, podcast, video",Several per Week,Every Two Weeks,18,15,10,4,7,2,4,3,4,African authored criticism under an open licence; grant funded,"Africa Is a Country is a site of opinion, analysis and criticism founded in 2009 by Sean Jacobs of The New School in New York, publishing African and diaspora writers under a Creative Commons licence. Use it for left perspectives on politics, labour, football, film and music that challenge Western media framing of the continent.","African and diaspora writers contesting how the continent is framed, published under an open licence."
250,Asia Sentinel,67,Regional,Asia Independent Analysis,https://www.asiasentinel.com,Active,EN,Southeast Asia / Taiwan and Greater China / South Asia,Asia Pacific,Hong Kong,Asia Sentinel (editor John Berthelsen),Reader Funded Independent,"Independent, liberal",Freemium,"Analysis, commentary, newsletter",Several per Week,Every Two Weeks,19,16,9,6,6,2,4,3,2,"Independent Southeast Asia analysis, including Malaysia and Singapore","Asia Sentinel is an independent news and analysis site founded in Hong Kong in 2006 by veteran correspondents including John Berthelsen and Philip Bowring, now funded by subscribers. Use it for informed commentary on Southeast Asian politics, business and corruption, especially Malaysia, Indonesia, Thailand and the Philippines.",Veteran former regional editors writing independent analysis of Asian politics and business without a corporate owner.
251,BBC News Mundo,67,Anchor,Spanish Language International News,https://www.bbc.com/mundo,Active,ES,Latin America and Brazil / Global,Latin America and global,United Kingdom,BBC (BBC World Service),Public Broadcaster,"Centrist, institutional",Free,"Articles, explainers, video, podcasts",Daily,Every Two Weeks,25,15,4,8,5,4,4,4,-2,Language service of the BBC already listed; Spanish practice value,"BBC News Mundo is the Spanish language service of the BBC World Service, serving Latin America and Spanish speakers in the United States under the BBC's editorial guidelines. Use its explainers and features as reading practice in clear, neutral Spanish and as a Latin American angle on world news.","BBC standards applied to explanatory journalism in plain international Spanish, well suited to an intermediate reader."
252,Barbados Today,67,Regional,Barbados Daily News,https://barbadostoday.bb,Active,EN,Caribbean,Barbados,Barbados,Barbados Today Inc.,Commercial,"Mainstream, independent",Free,"Articles, daily digital edition, video",Daily,Every Two Weeks,18,19,5,6,4,2,3,3,7,"Direct coverage of Barbados, a named priority geography","Barbados Today is a digital daily newspaper published in Barbados that covers national politics, courts, business, education and regional Caribbean affairs. Use it for local detail on government policy, climate resilience and the economy that international outlets rarely carry.",A digital daily giving continuous local coverage of Barbados.
253,Canary Media,67,Specialist,Clean Energy Transition,https://www.canarymedia.com,Active,EN,United States / Global,"United States, some global coverage",United States,Canary Media Inc.,Nonprofit,"Decarbonization focused, solutions minded",Free,"Articles, newsletters, podcasts, charts",Daily,Every Two Weeks,21,11,13,5,7,2,4,4,0,"Nonprofit, but overlaps climate outlets already listed","Canary Media is a nonprofit newsroom in the United States covering the clean energy transition, including solar, batteries, grids, electrification and industrial decarbonization. Use it for detailed reporting and charts on how energy technologies and policies are deployed in practice.","Daily reporting devoted only to how clean energy is built, financed and regulated."
254,DW Chinese (DW 中文),67,Anchor,Chinese Language Public Broadcaster,https://www.dw.com/zh/,Active,ZH-Hans / ZH-Hant,Taiwan and Greater China / Europe,China / Taiwan / Europe,Germany,Deutsche Welle,State Funded International,"Centrist, institutional",Free,"Articles, video, newsletter",Continuous,Every Two Weeks,23,16,5,7,6,5,4,4,-3,Language service of a larger brand; overlaps BBC Chinese,"DW Chinese is the Chinese language service of Deutsche Welle, Germany's international broadcaster, funded from the federal budget and editorially independent by statute. Use it for German and European perspectives on China and Taiwan, available in both Traditional and Simplified characters.","A European public broadcaster's Chinese service, offering reporting outside both the Chinese and the American frames."
255,De Correspondent,67,Regional,Dutch Constructive Journalism,https://decorrespondent.nl,Active,NL,Europe,Netherlands,Netherlands,De Correspondent (member funded),Reader Funded Independent,"Independent, progressive leaning",Paid,"Articles, newsletters, podcasts",Daily,Every Two Weeks,22,10,10,7,8,1,5,4,0,Restored from the source list; Dutch only,"De Correspondent is a Dutch member funded news site launched in 2013 that rejects the daily news cycle in favour of explanatory and structural reporting on climate, technology, migration and inequality. Its model is worth knowing even without reading Dutch.","Built on members rather than advertising, and on explaining systems rather than chasing the day's news."
256,EJIL: Talk!,67,Specialist,International Law Commentary,https://www.ejiltalk.org,Active,EN,Global / Europe,Global / Europe,Italy,European Journal of International Law,Academic,"Academic, doctrinally pluralist",Free,"Blog posts, symposia, podcast",Daily,Every Two Weeks,21,6,14,7,8,1,5,3,2,Academic commentary on humanitarian and UN law,"EJIL: Talk! is the blog of the European Journal of International Law, edited by legal scholars and publishing expert commentary within days of major rulings and events. Use it for close analysis of International Court of Justice cases, the law of armed conflict, sanctions, climate litigation and UN institutional law.","International law scholars debate rulings and crises in near real time, often ahead of the journal literature."
257,MacroPolo,67,Research,China Economy / Technology,https://macropolo.org,Active,EN,Taiwan and Greater China / United States,China,United States,Paulson Institute,Think Tank,"Market oriented, analytical",Free,"Analysis, data visualizations, digital projects",Irregular,Every Two Weeks,21,12,12,6,9,2,5,4,-4,"Believed archive only since late 2024, pending verification","MacroPolo is the in house think tank of the Paulson Institute in Chicago, known for data driven analysis of China's economy, technology sector and political elite, including its Global AI Talent Tracker. Treat it mainly as a reference archive, since new publication appears to have stopped after 2024.",Its Global AI Talent Tracker and elite personnel databases remain widely cited data on China's technology workforce.
258,Noema,67,Ideas,Technology / Philosophy / Geopolitics,https://www.noemamag.com,Active,EN,Global,Global,United States,Berggruen Institute,Think Tank,"Cosmopolitan, ideas driven",Free,"Essays, interviews, print issues",Several per Week,Every Two Weeks,20,8,11,7,10,2,4,4,1,Distinct brief on technology and philosophy; single funder institute,"Noema is a magazine of ideas published by the Berggruen Institute in Los Angeles, with long essays and interviews on technology, philosophy, governance, climate and geopolitics. Read it selectively for planetary scale thinking about AI and political order, keeping in mind that one philanthropist's institute sets its agenda.","Treats AI, planetary governance and comparative civilizational philosophy as one conversation, with contributors from well beyond the Anglosphere."
259,Rhizome,67,Ideas,Digital Art / Preservation,https://rhizome.org,Active,EN,Global / United States,Global,United States,"Rhizome Communications, Inc.",Nonprofit,"Arts, independent",Free,"Essays, commissions, online exhibitions, archive",Irregular,Every Two Weeks,20,3,14,6,9,2,4,4,5,Digital art preservation gap; nonprofit arts organization,"Rhizome is a New York nonprofit founded in 1996 and affiliated with the New Museum, which commissions, presents and preserves born digital art and writes about internet culture. Use it for its ArtBase archive, Net Art Anthology and preservation tools when thinking about digital curatorial practice.",An arts organization that also builds web archiving software and keeps a public archive of net art since the 1990s.
260,Scroll.in,67,Regional,Indian Independent News,https://scroll.in,Active,EN,South Asia,India,India,Scroll Media Inc.,Commercial,"Liberal, independent",Free,"Articles, ground reports, culture, newsletters",Daily,Every Two Weeks,21,14,9,6,6,2,4,3,2,Independent Indian newsroom outside the conglomerates,"Indian digital news outlet founded in 2014, publishing reporting, analysis and culture writing in English. Read it for field reporting on Indian politics, rights, environment and labour from a newsroom independent of the country's large media conglomerates, supported by members and investors.",An Indian digital native known for ground reports and for its books and culture pages.
261,South China Morning Post,67,Regional,Hong Kong / China News,https://www.scmp.com,Active,EN,Taiwan and Greater China / Southeast Asia,Hong Kong / China / Asia,Hong Kong,Alibaba Group,Commercial,"Establishment leaning, business oriented",Freemium,"News, analysis, explainers, infographics, newsletters, podcasts",Continuous,Every Two Weeks,19,18,9,5,8,2,3,4,-1,"Unique access for China comparison, offset by corporate ownership constraints","The South China Morning Post is Hong Kong's English language daily, founded in 1903 and owned since 2016 by Alibaba Group, with a large newsroom covering mainland China, Hong Kong and Asia. Use it for detailed China policy, technology and economy reporting and its infographics, while watching for caution on sensitive politics.","The largest English language newsroom reporting on China from inside Chinese jurisdiction, known for infographics and visual explainers."
262,Sustainable Development Goal 8 (UN DESA),67,Research,Labour / Sustainable Development Goals,https://sdgs.un.org/goals/goal8,Active,EN,Global,Global,United States,United Nations Department of Economic and Social Affairs (UN DESA),Intergovernmental,"Institutional, intergovernmental",Free,"Targets, indicators, progress reports, documents",Irregular,As Needed,25,8,12,5,10,2,4,3,-2,"Primary SDG 8 reference, partly redundant with ILO and UN entries","This is the Goal 8 page of the sustainable development site run by the UN Department of Economic and Social Affairs, gathering targets, indicators, yearly progress summaries and related reports on decent work and economic growth. Use it as the primary reference when checking labour claims against agreed indicators.","The official record of targets, indicators and annual progress for the decent work goal."
263,Technology and Culture,67,Research,History Of Technology,https://www.press.jhu.edu/journals/technology-and-culture,Active,EN,Global,Global,United States,"Society for the History of Technology, published by Johns Hopkins University Press",Academic,"Academic, nonpartisan",Paid,"Peer reviewed articles, book and exhibit reviews",Quarterly,Per Issue,25,2,14,7,8,1,5,3,2,History of technology depth from a scholarly society,"Technology and Culture is the quarterly peer reviewed journal of the Society for the History of Technology, published since 1959 and now by Johns Hopkins University Press. Use it for historical context on infrastructures, tools, maps and machines when current debates about technology need a longer view.","The flagship journal of the history of technology, reviewing museum exhibitions as well as books."
264,The Japan Times,67,Regional,Japan English Daily,https://www.japantimes.co.jp,Active,EN,Japan and Korea,Japan,Japan,News2u Holdings,Commercial,Centrist,Freemium,"Articles, opinion, newsletters, podcast",Continuous,Every Two Weeks,22,18,8,7,6,2,3,3,-2,Partly wire copy; overlaps Nikkei Asia and NHK World,"Japan's oldest English language daily, founded in 1897 and published in Tokyo, owned by News2u Holdings since 2017. Use it for accessible daily coverage of Japanese politics, society and culture, with staff reporting supplemented by wire copy, and as context for Japanese language reading.","The longest running English language newspaper in Japan, with a deep archive of domestic coverage."
265,The New York Review of Books,67,Ideas,Ideas / Book Reviews / Essays,https://www.nybooks.com,Active,EN,United States / Global,United States / Global,United States,"NYREV, Inc. (Rea S. Hederman)",Commercial,"Liberal, intellectual",Freemium,"Review essays, twenty print issues a year, online pieces",Several per Week,Every Two Weeks,23,8,13,7,8,1,5,4,-2,Prestige review; overlaps other Anglo American literary reviews,"The New York Review of Books is a privately owned literary and political review founded in 1963, publishing twenty issues a year of long essays on books, history, politics, science and art. Use it for considered essay length argument and its deep archive, not for news.","Review essays long enough to become standalone arguments, with a continuous archive back to 1963."
266,The Taiwan Gazette,67,Regional,Taiwan Journalism in Translation,https://www.taiwangazette.org,Active,EN,Taiwan and Greater China,Taiwan,Canada,"Taiwan studies program, Asian Institute, University of Toronto (not confirmed)",Academic,"Independent, translation focused",Free,Translated longform articles,Irregular,Every Two Weeks,19,16,9,6,6,3,5,3,0,Canadian academic base offsets overlap with originals the reader can read,"The Taiwan Gazette publishes English translations of longform reporting from Taiwanese and other Chinese language outlets, and is associated with the Taiwan studies program at the University of Toronto. Use it to share Taiwanese journalism with colleagues who do not read Chinese, and to find original pieces worth reading in full.","Translates in depth Taiwanese journalism into English from a Canadian university base, linking each piece to its source."
267,VAN Magazine,67,Ideas,Classical Music Criticism,https://van-magazine.com,Active,EN / DE,Europe / Global,Europe and Global,Germany,VAN Verlag GmbH,Reader Funded Independent,"Independent, critical",Freemium,"Essays, interviews, criticism, newsletter",Weekly,Every Two Weeks,19,9,13,6,6,2,5,4,3,Independent music criticism funded by subscribers,"Independent online classical music magazine based in Berlin, published weekly in separate English and German editions by VAN Verlag. Read it for long interviews, criticism and reporting on orchestras, composers, institutions and working conditions in music, written without promotional deference.",Reader supported classical music journalism that investigates the industry as well as reviewing it.
268,Volume,67,Ideas,Architecture / Politics / Territory,https://archis.org,Active,EN,Global / Europe,Global,Netherlands,Archis Foundation (Stichting Archis),Nonprofit,"Critical, experimental",Freemium,"Themed print issues, essays, interviews",Irregular,Every Two Weeks,20,5,13,6,10,2,5,3,3,Architecture beyond building; nonprofit foundation publisher,"Volume is an English language magazine published by the Archis Foundation in Amsterdam, launched in 2005 with AMO and Columbia University's C-Lab as a project to go beyond architecture's usual limits. Use its themed issues for essays on the politics, economics and territories that shape the built environment.","A themed magazine that treats architecture as a tool for analysing politics and territory, not only buildings."
269,+972 Magazine,66,Regional,Israel and Palestine Reporting,https://www.972mag.com,Active,EN,Middle East and North Africa,Israel / Palestine,Israel,972 Advancement of Citizen Journalism,Nonprofit,"Left, rights based",Free,"Reporting, investigations, analysis, newsletter",Several per Week,Every Two Weeks,19,14,10,4,8,2,4,3,2,Nonprofit binational newsroom; reporting on AI in armed conflict,"+972 Magazine is an independent online magazine founded in 2010 and run by a nonprofit group of Israeli and Palestinian journalists. Use it for field reporting and investigations from Israel and Palestine, including work on military use of artificial intelligence, read with its declared opposition to the occupation in mind.",A joint Palestinian and Israeli newsroom whose investigations into automated targeting have been cited worldwide.
270,Afterall,66,Ideas,Contemporary Art / Exhibition Histories,https://www.afterall.org,Active,EN,Global / Europe,Global contemporary art,United Kingdom,University of the Arts London (Central Saint Martins),Academic,"Academic, critical art history",Freemium,"Journal issues, essays, book series",Irregular,Every Two Weeks,22,5,13,6,9,1,5,2,3,Fills a curatorial practice gap; academic publisher,Afterall is a journal of contemporary art published twice a year by the Afterall research centre at Central Saint Martins in London and distributed by the University of Chicago Press. Read it for long essays on single artists and on exhibition histories that inform curatorial practice.,Pairs essays on each artist and treats exhibition history as a field of study.
271,Boston Review,66,Ideas,Political Philosophy / Ideas,https://www.bostonreview.net,Active,EN,United States / Global,United States / Global,United States,"Boston Critic, Inc.",Nonprofit,"Left liberal, deliberative",Free,"Essays, forums, reviews, poetry, print issues, newsletter",Several per Week,Every Two Weeks,21,4,12,7,9,2,5,4,2,Nonprofit; forum format adds structured disagreement,"Boston Review is a nonprofit, reader supported magazine of politics, philosophy and literature founded in 1975 and published by Boston Critic, Inc. Use its forum format, in which a lead essay draws invited responses, to follow arguments about justice, technology, labour and democracy.","Its forum format prints a lead argument beside invited critical responses, making disagreement the structure of each issue."
272,DW Español,66,Anchor,International News in Spanish,https://www.dw.com/es/,Active,ES,Latin America and Brazil / Europe / Global,"Latin America and Europe, in Spanish",Germany,Deutsche Welle,State Funded International,"Centrist, liberal democratic",Free,"Articles, video, live TV, podcasts",Continuous,Every Two Weeks,24,14,5,7,6,4,4,4,-2,Language edition of a broadcaster already listed; kept for Spanish,"DW Español is the Spanish language service of Deutsche Welle, the publicly funded German international broadcaster, with news, video and analysis aimed at Latin America. Use it for clear Spanish reading and listening practice and for a European view of Latin American politics, climate and migration.",European public broadcasting in clear standard Spanish made for Latin American audiences.
273,Dawn,66,Anchor,Pakistan Daily Newspaper,https://www.dawn.com,Active,EN,South Asia,Pakistan and South Asia,Pakistan,Pakistan Herald Publications,Family or Trust Owned,"Liberal, secular",Free,"Articles, editorials, digital paper, magazines",Daily,Every Two Weeks,22,13,7,7,5,2,4,4,2,South Asian paper of record under press freedom pressure,"Dawn is the oldest English language daily in Pakistan, founded in 1941 and published in Karachi by Pakistan Herald Publications. Use it for reporting and editorials on Pakistani politics, the economy, climate and flood impacts, and relations with India, Afghanistan and China.","The Pakistani paper of record, with detailed reporting on floods and climate vulnerability."
274,Delayed Gratification,66,Ideas,Slow Journalism Magazine,https://www.slow-journalism.com,Active,EN,Global / Europe,Global / United Kingdom,United Kingdom,The Slow Journalism Company,Reader Funded Independent,"Independent, nonpartisan",Paid,"Print magazine, infographics, digital archive",Quarterly,Per Issue,21,10,9,7,6,2,5,4,2,Subscriber funded and free of advertising; distinct retrospective method,"Delayed Gratification is a quarterly print magazine from The Slow Journalism Company in London, founded in 2011, that returns to the news of the previous three months after the dust has settled. Read it for retrospective long features and infographics, funded by subscribers with no advertising.","A magazine that reports the news three months late on purpose, with data graphics on what happened next."
275,Edge Effects,66,Ideas,Environmental Humanities,https://edgeeffects.net,Active,EN,Global / United States,Global,United States,"Center for Culture, History, and Environment, University of Wisconsin-Madison",Academic,"Academic, environmental justice",Free,"Essays, podcast, interviews, reviews",Weekly,Every Two Weeks,20,6,12,6,8,2,4,4,4,"Environmental humanities gap, academic and student run","Edge Effects is a digital magazine produced by graduate students at the Center for Culture, History, and Environment in the Nelson Institute, University of Wisconsin-Madison. Read its short essays, interviews and podcast episodes for environmental humanities scholarship on landscape, climate, food and justice written for a general audience.",A graduate student edited magazine turning environmental humanities research into short public essays and audio.
276,Failed Architecture,66,Ideas,Critical Architecture / Urbanism,https://failedarchitecture.com,Active,EN,Europe / Global,"Global, based in the Netherlands",Netherlands,Failed Architecture Foundation,Nonprofit,"Left, critical",Free,"Essays, podcast, workshops",Irregular,Every Two Weeks,17,8,13,5,10,2,5,3,3,"Critical architecture gap; small nonprofit, output has slowed","Amsterdam based platform and foundation publishing critical essays and podcasts on architecture, housing and urban politics. Use it for arguments about spatial justice and the social life of buildings that professional design magazines tend to avoid; check how recently it has published before relying on it.","Architecture criticism that starts from failure, power and everyday use, not from new buildings and their designers."
277,Landezine,66,Ideas,Landscape Architecture Projects,https://landezine.com,Active,EN,Global / Europe,Global,Slovenia,Landezine,Commercial,"Design oriented, independent",Free,"Project features, awards",Weekly,Every Two Weeks,17,6,14,5,10,2,4,4,4,Fills the landscape architecture practice gap,"Landezine is an online platform presenting built landscape architecture projects from around the world with drawings, plans and photographs, and runs the Landezine International Landscape Award. Use it as a visual reference library of contemporary landscape design and its site strategies.","Shows landscape projects through plans and sections, not only photographs, which makes site strategies legible."
278,Le Journal des Alternatives,66,Regional,Quebec / Global Justice,https://alter.quebec,Active,FR,Canada and Quebec / Global,Quebec and the Global South,Canada,Alternatives (Montréal),Nonprofit,"Left, altermondialiste",Free,"Articles, analysis, dossiers",Several per Week,Every Two Weeks,16,17,9,3,7,5,3,3,3,Montreal civil society voice with Global South partners,"Le Journal des Alternatives is a French language platform published by Alternatives, a Montreal international solidarity organization, carrying analysis from social movements in Quebec and the Global South. Use it for activist perspectives on trade, climate justice, migration and international cooperation, read as advocacy.",A Montreal altermondialiste platform linking Quebec social movements with partners across the Global South.
279,Logic(s),66,Ideas,Technology / Political Economy,https://logicmag.io,Active,EN,Global / United States,Global,United States,Logic Foundation,Nonprofit,"Left, critical of technology",Freemium,"Themed print issues, essays, interviews",Irregular,Every Two Weeks,19,7,12,5,10,2,5,3,3,Independent nonprofit; critical technology writing from underrepresented perspectives,"Logic(s) is the 2023 relaunch of Logic, an independent print and online magazine about technology founded in San Francisco in 2017 and published by the nonprofit Logic Foundation. Use its themed issues for critical essays and interviews on tech labour, data, surveillance and political economy from Black, Asian and queer perspectives.",A small nonprofit tech magazine built on insider interviews and essays that treat technology as political economy.
280,Politico Europe,66,Regional,European Union Politics / Policy,https://www.politico.eu,Active,EN / FR / DE,Europe,"European Union, United Kingdom, France",Belgium,Axel Springer SE,Commercial,"Centrist, insider",Freemium,"News, newsletters, podcasts, paid policy briefings",Continuous,Every Two Weeks,21,14,10,6,7,3,3,5,-3,Regional edition of a large commercial brand,"Politico Europe is the Brussels based European edition of Politico, owned by Axel Springer, covering European Union institutions and politics in London, Paris and Berlin. Use its morning newsletters to track regulation of technology, climate and trade, accepting an insider tone and a paywall on specialist policy coverage.",Brussels Playbook sets the daily agenda for people working in and around European Union institutions.
281,Prachatai,66,Regional,Thailand Independent News,https://prachatai.com,Active,TH / EN,Southeast Asia,Thailand,Thailand,Foundation for Community Educational Media,Nonprofit,"Progressive, rights based",Free,"News, features, interviews, opinion",Daily,Every Two Weeks,19,16,8,5,6,2,4,3,3,Nonprofit Thai newsroom on rights and labour under legal pressure,"Prachatai is a nonprofit Thai online newspaper founded in 2004 and run by the Foundation for Community Educational Media, with a separate English edition. Use it for reporting on Thai politics, labour, courts and civil society that the mainstream press treats cautiously.",Sustained coverage of royal defamation prosecutions and protest movements that Thai mainstream media handle sparingly.
282,Quanta Magazine,66,Specialist,Science / Mathematics,https://www.quantamagazine.org,Active,EN,Global,Global,United States,Simons Foundation,Nonprofit,"Explanatory, editorially independent",Free,"Features, explainers, podcasts, videos",Several per Week,Every Two Weeks,24,2,14,7,6,2,5,5,1,Foundation funded and free; basic science sits outside the core themes,"Quanta Magazine is an editorially independent online magazine published by the Simons Foundation in New York, covering mathematics, physics, computer science and biology. Use it for careful explanations of basic research, including the mathematics behind machine learning, which daily science news rarely treats in depth.","Explains current research in pure mathematics and theoretical computer science for general readers, free and without advertising."
283,Social Studies of Science,66,Research,Science And Technology Studies,https://journals.sagepub.com/home/sss,Active,EN,Global,Global,United Kingdom,Sage Publications,Commercial,"Academic, nonpartisan",Paid,"Peer reviewed articles, discussion papers, reviews",Quarterly,Per Issue,25,2,14,7,8,1,5,3,1,Field depth in science studies; commercial publisher and paywalled,"Social Studies of Science is a peer reviewed journal published by Sage, founded in 1971, and a core venue for science and technology studies. Consult it for empirical and theoretical research on how scientific knowledge, data infrastructures, algorithms and expert systems are made, mostly through institutional subscription.","One of the founding journals of science and technology studies, with over fifty years of back issues."
284,Stabroek News,66,Regional,Guyana / Caribbean News,https://www.stabroeknews.com,Active,EN,Caribbean,Guyana and Caribbean,Guyana,Guyana Publications Inc.,Commercial,"Independent, liberal",Free,"Articles, editorials, letters, columns",Daily,Every Two Weeks,21,18,6,7,4,2,3,2,3,Underserved Caribbean; trimmed because current publication is unconfirmed,"An independent daily newspaper founded in Georgetown in 1986 by David de Caires and published by Guyana Publications Inc. Use it for reporting on Guyana's oil economy, governance, Indigenous communities and Caribbean Community affairs, and first check that it is still publishing, since its current status could not be confirmed.","Guyana's independent daily of record, founded to break a state press monopoly and long known for its editorials."
285,The Architectural Review,66,Ideas,Architecture Criticism,https://www.architectural-review.com,Active,EN,Global / Europe,Global / United Kingdom,United Kingdom,EMAP Publishing (Metropolis Group),Commercial,"Critical, international",Freemium,"Magazine, essays, building studies, archive",Monthly,Monthly,21,6,14,6,9,2,4,3,1,Core architecture criticism; commercial trade publisher,"The Architectural Review is a London based international architecture magazine founded in 1896 and published by EMAP. Use it for critical essays on buildings, landscape, cities and theory from around the world, organized in themed issues, and for a deep archive of twentieth century architectural debate.","More than a century of continuous architecture criticism, with themed issues that set buildings in political context."
286,The Brooklyn Rail,66,Ideas,Art / Culture / Criticism,https://brooklynrail.org,Active,EN,United States / Global,United States and Global,United States,"The Brooklyn Rail, Inc.",Nonprofit,"Independent, artist centred",Free,"Monthly journal in print and online, criticism, interviews, poetry, live conversations",Monthly,Monthly,20,5,13,7,8,2,4,4,3,Artist run nonprofit; strengthens arts and curatorial coverage,"A nonprofit journal of arts, culture and politics published in Brooklyn since 2000 under artistic director Phong Bui, free in print and online ten times a year. Use it for long artist interviews, exhibition criticism, experimental writing and guest edited critics pages that follow curatorial debates closely.","Free, artist run and built around very long conversations between artists, which few art magazines still publish."
287,The Nation (Barbados),66,Regional,Barbados Daily News,https://www.nationnews.com,Active,EN,Caribbean,Barbados,Barbados,Nation Publishing Co. Limited (One Caribbean Media),Commercial,"Mainstream, centrist",Freemium,"Daily newspaper, online news, digital replica edition",Daily,Every Two Weeks,18,19,5,6,4,2,3,3,6,Underserved Barbados geography named in the brief,"The Nation is the leading daily newspaper of Barbados, founded in 1973 and published in Bridgetown by the Nation Publishing Company, part of the regional group One Caribbean Media. Use its Nation News site for local politics, hurricane and climate resilience coverage, court reporting and community news from the island.","The main daily newspaper of Barbados, giving island level reporting that no regional or international outlet provides."
288,7iber (حبر),65,Regional,Jordan Independent Media,https://www.7iber.com,Active,AR / EN,Middle East and North Africa,Jordan / Arab World,Jordan,"7iber (independent, led by its founders)",Nonprofit,"Progressive, rights based",Free,"Features, analysis, multimedia",Several per Week,Every Two Weeks,20,12,9,5,6,2,5,3,3,Independent Arabic features; ownership diversity,"7iber is an independent Arabic online magazine based in Amman, started in 2007 as a citizen media platform and later developed into a professional newsroom. Use it, through its English pieces or translation, for long reports and analysis on Jordan and the Levant covering labour, rights, cities and digital policy.",A Jordanian independent magazine producing long reported features in Arabic outside state and party media.
289,Al-Monitor,65,Regional,Middle East Policy / Analysis,https://www.al-monitor.com,Active,EN,Middle East and North Africa,Middle East / North Africa,United States,Al-Monitor (founder and chairman Jamal Daniel),Commercial,"Centrist, policy insider",Freemium,"News, analysis, newsletters, podcasts, paid briefings",Daily,Every Two Weeks,20,13,10,7,6,2,4,4,-1,Useful insider lens; single owner and overlap with other regional outlets,"Al-Monitor is a news and analysis site founded in Washington in 2012 by the businessman Jamal Daniel, covering the Middle East through correspondents and columnists in the region. Use it for diplomacy, energy, Gulf business and Turkish, Iranian and Israeli politics, with deeper briefings kept behind its paid PRO tier.","Policy focused Middle East coverage drawing on writers inside each country, including Iran, Turkey, Israel and the Gulf."
290,Ars Technica,65,Specialist,Technology / Science News,https://arstechnica.com,Active,EN,United States / Global,United States and global technology,United States,Condé Nast (Advance Publications),Commercial,"Technically literate, liberal leaning",Free,"Articles, long explainers, reviews",Daily,Every Two Weeks,22,6,13,6,9,2,4,4,-1,Corporate owner; partly overlaps other technology outlets,"Ars Technica is a technology and science news site owned by Condé Nast, known for technically detailed reporting on computing, artificial intelligence, security, space and technology policy. Use it when you need an explanation of how a system works, written by specialists for informed readers.",Technology reporting written by specialists who explain the engineering as well as the news.
291,Atlas of Places,65,Ideas,Architecture / Cartography / Landscape,https://orthoslogos.fr,Active,EN,Global / Europe,Global,France,Atlas of Places (independent editorial project),Nonprofit,"Curatorial, noncommercial",Free,"Visual essays, image collections, texts",Irregular,Every Two Weeks,16,4,13,5,10,2,5,4,6,"Fills the cartography, landscape and architecture gap in one source","Atlas of Places is an independent online collection that gathers architecture projects, cartography, satellite imagery, photography, painting and essays into carefully sequenced visual entries. Use it as a reference library for site studies and territorial drawing, where maps, buildings and landscapes are shown side by side.","Places cartography, landscape and architecture in one visual archive, treating maps and satellite images as design material."
292,DeSmog,65,Specialist,Climate Disinformation / Lobbying,https://www.desmog.com,Active,EN,Global / United States / Canada and Quebec / Europe,"North America, United Kingdom and Europe",United States,DeSmog,Reader Funded Independent,"Climate accountability, advocacy leaning",Free,"Investigations, databases, newsletter",Several per Week,Every Two Weeks,18,10,13,4,8,2,4,4,2,Unique actor databases; overlaps partly with climate nonprofits,"DeSmog is an investigative outlet founded in Vancouver in 2006 that tracks climate disinformation, fossil fuel lobbying and the public relations networks behind them. Use its reporting and searchable databases to check who funds and repeats a claim before you rely on it.",Maintains searchable databases profiling the people and organizations that spread climate disinformation.
293,Hyperallergic,65,Ideas,Art News / Criticism,https://hyperallergic.com,Active,EN,United States / Global,United States and the global art world,United States,Hyperallergic Media Inc.,Reader Funded Independent,"Progressive, independent",Free,"Articles, reviews, newsletters, podcast",Daily,Every Two Weeks,20,8,12,6,8,2,3,4,2,Independent founder owned arts newsroom with membership support,"Hyperallergic is an independent online arts publication founded in Brooklyn in 2009 by Veken Gueyikian and Hrag Vartanian, supported by members and sponsors. Use it for daily art news, reviews and reporting on museum labour, restitution and cultural politics, mostly from a United States vantage.","Treats museum labour disputes, restitution and protest as core art news."
294,London Review of Books,65,Ideas,Literary / Political Essays,https://www.lrb.co.uk,Active,EN,Europe / Global,United Kingdom / Global,United Kingdom,LRB Limited,Family or Trust Owned,"Left liberal, literary",Freemium,"Magazine, essays, blog, podcasts",Weekly,Every Two Weeks,21,8,12,5,8,2,5,4,0,"Independent and deep, but a prestige review with a settled outlook","The London Review of Books is a literary and political magazine founded in 1979, published twice a month in London by LRB Limited. Use it for long review essays on history, politics, philosophy and literature, with reporting pieces and a blog, read slowly rather than daily.","Gives writers many thousands of words per essay, treating a book review as a full argument."
295,Multitudes,65,Ideas,Philosophy / Political Theory,https://www.multitudes.net,Active,FR,Europe,France and Francophone thought,France,Association Multitudes,Collective,"Left, autonomist tradition",Freemium,"Quarterly review, essays, dossiers",Quarterly,Per Issue,19,5,13,4,9,5,4,3,3,French language theory from a collective; philosophy gap,"Multitudes is a French quarterly review of politics, philosophy and art founded in 2000 by Yann Moulier-Boutang and run by an editorial collective. Use it for themed dossiers on cognitive capitalism, ecology, digital culture and the commons, read as argument from one intellectual tradition.",A French theory quarterly that pairs political philosophy with commissioned artworks in each issue.
296,NHK World-Japan Spanish,65,Anchor,Japan News in Spanish,https://www3.nhk.or.jp/nhkworld/es/,Active,ES,Japan and Korea / Global,Japan,Japan,NHK (Japan Broadcasting Corporation),Public Broadcaster,"Public service, institutional",Free,"Short articles, radio bulletins, audio on demand",Daily,Every Two Weeks,24,16,6,6,5,4,4,3,-3,Language edition of a broadcaster already listed,"Spanish language service of NHK World-Japan, the international arm of Japan's public broadcaster. Use it for Japanese and Asian news in plain broadcast Spanish, with radio bulletins and short articles that double as language practice; content largely mirrors NHK's other language services.","Japan's public broadcaster reporting on Japan in Spanish, joining two of the reader's study languages."
297,Neural,65,Ideas,Media Art / Hacktivism,https://neural.it,Active,EN,Europe / Global,Europe and the global media art scene,Italy,Alessandro Ludovico,Reader Funded Independent,"Independent, critical digital culture",Freemium,"Print magazine, online reviews, archive",Irregular,Every Two Weeks,19,3,14,5,9,2,5,3,5,Fills the sound art and media art gap; independent,"Neural is an independent magazine of media art, hacktivism and electronic music founded in Bari in 1993 and edited by Alessandro Ludovico. Use its short reviews and interviews to track artists, tools and publications at the meeting point of art, sound and network culture.","Three decades of continuous critical coverage linking media art, hacktivism and experimental electronic music."
298,New Left Review,65,Ideas,Critical Theory / Political Economy,https://newleftreview.org,Active,EN,Global,Global,United Kingdom,New Left Review Ltd,Reader Funded Independent,"Left, Marxist",Freemium,"Journal essays, Sidecar blog, archive",Several per Week,Every Two Weeks,20,7,13,4,9,2,5,3,2,Independent journal with a distinct political economy tradition,"New Left Review is an independent London journal founded in 1960 that publishes six issues a year of long essays on political economy, world politics, history and culture. Read it selectively for structural analysis from the Marxist left, and follow its Sidecar blog for shorter pieces.","The main English language journal of the intellectual left, with decades of archived essays on capitalism and world politics."
299,STAT,65,Specialist,Health / Biomedical Journalism,https://www.statnews.com,Active,EN,United States / Global,United States and Global,United States,Boston Globe Media Partners,Commercial,"Independent, science focused",Freemium,"Articles, investigations, newsletters, podcasts",Daily,Every Two Weeks,23,6,14,7,5,2,4,4,0,"Field leader, but outside the priority themes","American health, medicine and life sciences news outlet founded in 2015 and owned by Boston Globe Media. Use it selectively for reporting on biotech, public health agencies, drug regulation and artificial intelligence in medicine; much analysis sits behind the STAT+ subscription.","A dedicated newsroom for biomedicine and health policy, with reporters covering regulators and industry daily."
300,The Architectural League of New York,65,Ideas,Architecture / Urban Culture,https://archleague.org,Active,EN,United States,"New York City, United States",United States,The Architectural League of New York,Nonprofit,"Independent, design culture",Free,"Lectures, video archive, essays, competitions",Irregular,Every Two Weeks,20,6,12,6,10,2,4,3,2,Nonprofit architecture institution; centred on New York,"The Architectural League of New York is a nonprofit membership organization founded in 1881 that runs lectures, exhibitions and competitions and publishes the online magazine Urban Omnibus. Use its lecture archive and Urban Omnibus essays for considered writing on architecture, landscape and city making, mostly grounded in New York.",A forum more than a century old whose Urban Omnibus magazine treats one city as a laboratory for urban practice.
301,The Daily Star (Bangladesh),65,Regional,Bangladesh English Daily,https://www.thedailystar.net,Active,EN,South Asia,Bangladesh,Bangladesh,Mediaworld Ltd,Commercial,"Liberal, secular",Free,"Articles, opinion, magazine supplements",Daily,Every Two Weeks,21,13,7,7,7,2,3,3,2,"Flood, climate adaptation and garment labour reporting from Bangladesh","The Daily Star is the largest English language daily in Bangladesh, founded in Dhaka in 1991 and edited by Mahfuz Anam. Use it for original reporting on floods, cyclones and climate adaptation, garment sector labour, Rohingya displacement and national politics from a country central to humanitarian work.","Bangladesh's leading English daily, reporting on delta flooding and garment labour from where they happen."
302,The Mainichi Easy Japanese News,65,Anchor,Japanese Learner News,https://mainichi.jp/english/,Active,JA / EN,Japan and Korea,Japan,Japan,"The Mainichi Newspapers Co., Ltd.",Commercial,"Centre left, mainstream daily",Free,Short bilingual articles with kanji readings,Several per Week,Every Two Weeks,23,13,9,6,3,4,4,3,0,"Learner value, offset by doing the same job as NHK News Web Easy","Easy Japanese News is a feature on The Mainichi, the English site of the Mainichi Shimbun, that reprints short articles from the children's paper Mainichi Shogakusei Shimbun with kanji readings and an English version. Use it for graded reading practice at intermediate level alongside NHK News Web Easy.","Children's newspaper articles from a national Japanese daily, set beside an English translation for learners."
303,CNA (Channel NewsAsia),64,Anchor,Singapore / Southeast Asia News,https://www.channelnewsasia.com,Active,EN,Southeast Asia,Singapore and Southeast Asia,Singapore,Mediacorp (owned by Temasek Holdings),Commercial,"State linked, establishment",Free,"Articles, television, video documentaries, podcasts, newsletters",Continuous,Every Two Weeks,18,18,6,5,6,2,3,4,2,Southeast Asian vantage and bureaus; state linked ownership noted,"A Singapore news network owned by Mediacorp, which belongs to the state investment company Temasek, with bureaus across Southeast and East Asia. Use it for regional business, politics and its CNA Insider documentaries, while noting that coverage of Singapore's own politics stays within establishment limits.","A broad English language correspondent network based in Southeast Asia, with strong documentary output."
304,Foreign Affairs,64,Specialist,International Relations / Policy,https://www.foreignaffairs.com,Active,EN,Global,Global,United States,Council on Foreign Relations,Think Tank,"Establishment, liberal internationalist",Freemium,"Magazine essays, web articles, podcast, newsletters",Daily,Every Two Weeks,22,9,12,6,8,2,4,4,-3,Prestige outlet whose views are already well represented,"Foreign Affairs is the magazine of the Council on Foreign Relations, published in New York since 1922, with six print issues a year and daily essays online. Read it to see how policy makers and scholars frame global order, bearing in mind its closeness to the American foreign policy establishment.",The place where serving officials and senior scholars argue foreign policy positions in their own names.
305,Inkstick Media,64,Specialist,Security / Foreign Policy,https://inkstickmedia.com,Active,EN,United States / Global,United States / Global,United States,Inkstick Media (independent nonprofit),Nonprofit,"Progressive, restraint leaning",Free,"Articles, commentary, podcast, newsletter",Several per Week,Every Two Weeks,20,9,11,6,6,2,4,4,2,Nonprofit newsroom with a human centred view of security,"Inkstick Media is a nonprofit newsroom founded by Laicie Heeley that reports on foreign policy, weapons, the arms industry and the human costs of security decisions. Use it for accessible reporting and commentary that brings affected people and younger writers into national security debates.","Security journalism written for general readers, with a reporting beat on the military industrial complex."
306,JSTOR Daily,64,Ideas,Scholarship for General Readers,https://daily.jstor.org,Active,EN,Global,Global,United States,ITHAKA (JSTOR),Nonprofit,"Academic, nonpartisan",Free,"Short essays, features, newsletter, reading lists",Daily,Every Two Weeks,22,4,10,7,8,2,4,5,2,Nonprofit bridge from news into open scholarship,"Online magazine published by JSTOR, part of the nonprofit ITHAKA, that explains news and curiosities through peer reviewed scholarship and links each piece to free source articles. Use it as a daily bridge from general reading into humanities and social science research.",Every article cites scholarship held on JSTOR and opens those sources free to readers.
307,Log,64,Ideas,Architecture Theory / Criticism,https://www.anycorp.com,Active,EN,Global / United States,"Global architecture discourse, New York base",United States,Anyone Corporation,Nonprofit,"Independent, architectural theory",Paid,"Print journal, essays",Quarterly,Per Issue,21,3,14,6,9,1,5,2,3,Architecture theory gap; nonprofit print journal,"Log is an independent print journal of architecture and the contemporary city, founded in 2003 and published three times a year by the Anyone Corporation in New York under editor Cynthia Davidson. Use it for essays and criticism on architectural theory and practice that are not available online.",A print journal of architectural criticism that deliberately favours text over images.
308,The Pudding,64,Specialist,Visual Data Essays,https://pudding.cool,Active,EN,United States / Global,United States / Global,United States,The Pudding,Collective,"Curious, data driven culture",Free,"Interactive visual essays, newsletter, process notes",Monthly,Monthly,20,3,13,6,8,2,5,4,3,Data visualization craft from a small staff run studio,"The Pudding is a digital publication of visual essays that explain debates in culture through original data analysis, interactive graphics and code, produced by a small team of journalist engineers. Use it as a craft reference for narrative data visualization, scrolling stories and transparent methods instead of as a news source.","Each essay is an original data investigation rendered as interactive code, with methods and data shared."
309,The Wire (India),64,Regional,Indian Independent News,https://thewire.in,Active,EN,South Asia,India,India,Foundation for Independent Journalism,Nonprofit,"Independent, liberal, government critical",Free,"News, analysis, investigations, video interviews",Daily,Every Two Weeks,20,14,8,5,6,2,3,3,3,Reader funded nonprofit adding South Asia coverage,"The Wire is a nonprofit Indian news site founded in 2015 by Siddharth Varadarajan, Sidharth Bhatia and MK Venu and published by the Foundation for Independent Journalism in New Delhi. Use it for reporting on Indian politics, civil liberties, caste, labour and media freedom, keeping in mind the Meta stories it retracted in 2022.","India's best known reader funded nonprofit newsroom, repeatedly sued over reporting critical of the government."
310,arXiv,64,Research,Preprint Repository,https://arxiv.org,Active,EN,Global,Global,United States,Cornell University (Cornell Tech),Academic,"Academic, open access",Free,"Preprints, daily listings, RSS feeds, API",Daily,As Needed,22,2,15,6,9,1,3,4,2,Primary evidence source run as academic infrastructure,"arXiv is the open access preprint repository founded by Paul Ginsparg in 1991 and operated by Cornell Tech, hosting more than two million papers in physics, mathematics, computer science, statistics and related fields. Use subject feeds such as cs.AI, cs.CV and cs.CY to see research before peer review.",The primary open repository where machine learning and physical science research appears months before journal publication.
311,oDR (openDemocracy Russia and Beyond),64,Regional,Russia / Eurasia Rights,https://www.opendemocracy.net/en/odr/,Active,EN / RU,Russia and Central Asia,Russia and Former Soviet Space,United Kingdom,openDemocracy Limited,Nonprofit,"Rights based, progressive",Free,"Articles, analysis, translations",Irregular,Every Two Weeks,20,16,9,6,6,3,4,2,-2,"Section of openDemocracy with reduced, unconfirmed current output","The Russia and Eurasia section of the London nonprofit openDemocracy, publishing reporting and analysis by local writers on civil society, labour, protest and repression across the former Soviet space. Use its archive and any new pieces for grassroots perspectives, and confirm how active the section remains before relying on it.","Local activists, researchers and journalists from Russia, Ukraine, the Caucasus and Central Asia writing for an English readership."
312,Apollo Magazine,63,Ideas,Art History / Heritage,https://www.apollo-magazine.com,Active,EN,Europe / Global,United Kingdom / Europe / Global,United Kingdom,Apollo Magazine Ltd,Commercial,"Art historical, traditional",Freemium,"Magazine, reviews, podcast, newsletter",Monthly,Monthly,20,9,12,6,8,2,4,4,-2,Overlaps The Art Newspaper; collector oriented prestige,"Apollo is a London art magazine founded in 1925, covering museums, exhibitions, art history, architecture, heritage and the art market in monthly issues and online. Read it for exhibition reviews, museum politics and collection histories, with a perspective closer to curators and collectors than to contemporary theory.",A monthly founded a century ago that joins art historical scholarship with reporting on museums and collecting.
313,BBC News Arabic (بي بي سي نيوز عربي),63,Anchor,Arabic Language Public Broadcaster,https://www.bbc.com/arabic,Active,AR,Middle East and North Africa,Middle East and North Africa,United Kingdom,BBC (BBC World Service),Public Broadcaster,"Centrist, institutional",Free,"Articles, television, video, podcasts",Continuous,Every Two Weeks,23,16,6,7,5,2,4,4,-4,"Language service of the BBC, which is already listed","BBC News Arabic is the Arabic language service of the BBC World Service, publishing online and on television for audiences across the Middle East and North Africa. Use it through browser translation to see how regional stories are framed for Arabic speakers, alongside BBC English coverage.","The oldest foreign language service of the BBC, broadcasting in Arabic since 1938."
314,CityGeographics,63,Research,Urban Cartography / Visualization,https://citygeographics.org,Active,EN,Europe / Global,United Kingdom and Global,United Kingdom,Duncan A. Smith (personal site),Academic,"Academic, individual researcher",Free,"Blog posts, interactive maps",Irregular,Every Two Weeks,17,8,12,5,10,2,5,2,2,"Urban cartography practice; one author, infrequent posts","Personal research blog of Duncan A. Smith of the Centre for Advanced Spatial Analysis at University College London, on urban form, density and interactive mapping. Use it for worked examples of city scale data visualization and for the open web maps he builds; posts are infrequent.","An urban geographer's own notebook of interactive city maps, with methods explained alongside results."
315,EUobserver,63,Regional,European Union Affairs,https://euobserver.com,Active,EN,Europe,European Union,Belgium,EUobserver.com ASBL,Nonprofit,"Independent, rights focused",Freemium,"News, investigations, opinion, newsletters",Daily,Every Two Weeks,20,12,8,7,6,2,4,3,1,Nonprofit alternative to Politico Europe on the same beat,"EUobserver is an independent nonprofit news site founded in Brussels in 2000 that reports on European Union institutions, migration, rule of law, foreign policy and lobbying. Use it as a smaller, reader supported counterweight to Politico Europe when following European policy that affects Canada, Switzerland or the United Kingdom.",A nonprofit Brussels newsroom with no corporate owner covering European Union institutions.
316,Economy and Society,63,Research,Economic Sociology / Political Economy,https://www.tandfonline.com/journals/reso20,Active,EN,Global,Global,United Kingdom,Taylor & Francis (Routledge),Academic,"Academic, critical social theory",Paid,Peer reviewed journal articles,Quarterly,Per Issue,24,3,13,6,8,1,5,2,1,Adds academic political economy depth,"Economy and Society is a peer reviewed quarterly published by Routledge, founded in 1972, covering economic sociology, political economy, governmentality and the social study of finance. Consult it for theoretical articles behind current debates on labour, markets and the state, mostly through library access.",A long running home for governmentality studies and the sociology of finance and markets.
317,Journal of Urban Technology,63,Research,Cities / Technology,https://www.tandfonline.com/journals/cjut20,Active,EN,Global,Global,United Kingdom,Taylor & Francis (Routledge),Commercial,"Academic, nonpartisan",Paid,Peer reviewed articles,Quarterly,Per Issue,23,4,12,6,10,1,4,2,1,Scholarly urban technology niche; paywalled commercial publisher,"The Journal of Urban Technology is a peer reviewed journal published by Routledge, part of Taylor & Francis, on how digital and physical technologies shape cities, planning and urban governance. Use it for scholarly studies of smart cities, urban data and infrastructure, mostly through a library subscription.","A long running scholarly journal devoted specifically to technology in cities, including critical studies of smart city programs."
318,Just Security,63,Specialist,International Law / Security,https://www.justsecurity.org,Active,EN,Global / United States,Global / United States,United States,"Reiss Center on Law and Security, New York University School of Law",Academic,"Rule of law, nonpartisan",Free,"Analysis articles, document trackers, podcast, newsletter",Daily,Every Two Weeks,22,8,13,6,7,1,4,4,-2,Overlaps Lawfare and EJIL: Talk! on law and security,"Just Security is an online forum on national security, international law and human rights based at the Reiss Center on Law and Security at New York University School of Law. Use it for expert analysis of the law of armed conflict, sanctions, accountability and technology governance.","Legal analysis written by practitioners and scholars, with document trackers and timelines for major cases."
319,Los Angeles Review of Books (LARB),63,Ideas,Books / Culture / Criticism,https://lareviewofbooks.org,Active,EN,United States / Global,United States and Global,United States,Los Angeles Review of Books (nonprofit),Nonprofit,"Liberal, humanities centred",Freemium,"Essays, reviews, interviews, quarterly print journal, podcast",Daily,Every Two Weeks,20,6,11,7,8,2,4,4,1,Nonprofit review; partly overlaps other book reviews listed,"A nonprofit review founded in 2011 by Tom Lutz in Los Angeles, publishing daily essays, interviews and criticism online alongside a quarterly print journal. Use it for long reviews of new work in philosophy, history, technology and the arts written by scholars for general readers, from a West Coast vantage.","A member funded review built online first, giving academic authors long space outside the New York and London review circuit."
320,Mousse Magazine,63,Ideas,Contemporary Art / Curatorial,https://www.moussemagazine.it,Active,EN / IT,Europe / Global,Europe / Global,Italy,Mousse Magazine and Publishing,Commercial,"Curatorial, critical, independent",Freemium,"Print magazine, essays, interviews, exhibition coverage, books",Quarterly,Per Issue,19,6,13,6,8,2,4,3,2,Curatorial depth from an independent Italian publisher,"Mousse is a Milan based contemporary art magazine and publishing house founded in 2006, printing its issues in English and posting exhibition documentation online most days. Use it for extended conversations with artists and curators and for a running survey of exhibitions across Europe and beyond.",Extended artist and curator conversations alongside a daily visual record of exhibitions worldwide.
321,Tempo (Cambridge Music Journal),63,Research,Contemporary Art Music / Composition,https://www.cambridge.org/core/journals/tempo,Active,EN,Global / Europe,Global / United Kingdom,United Kingdom,Cambridge University Press,Academic,"Academic, contemporary music",Paid,"Peer reviewed articles, performance, recording and book reviews",Quarterly,Per Issue,24,3,13,6,6,1,5,3,2,Academic journal for new music; narrow fit with the themes,"Tempo is a quarterly journal of new music founded in 1939 as the house magazine of the publisher Boosey & Hawkes and published since 2003 by Cambridge University Press. Use it for scholarly articles on living composers and for reviews of premieres, festivals, recordings and books in contemporary concert and experimental music.","The longest running English language journal devoted to contemporary composition, mixing scholarship with reviews of first performances."
322,Terrain.org,63,Ideas,Place Writing / Environment,https://www.terrain.org,Active,EN,United States / Global,United States and Global,United States,Terrain Publishing,Nonprofit,"Literary, environmental",Free,"Essays, poetry, fiction, interviews",Several per Week,Every Two Weeks,19,7,11,6,8,2,4,3,3,Nonprofit literary journal on place and landscape,"Online journal of the built and natural environments, published since 1997 by the nonprofit Terrain Publishing in Tucson, Arizona. Read it for essays, poetry, fiction and interviews about place, landscape, cities and climate, with a mostly North American set of writers.",A literary journal that treats cities and wild places together as one subject.
323,The East African,63,Regional,East Africa Regional News,https://www.theeastafrican.co.ke,Active,EN,Sub-Saharan Africa,East Africa,Kenya,Nation Media Group,Commercial,"Centrist, business minded",Freemium,"Weekly newspaper, daily web articles",Daily,Every Two Weeks,20,13,7,7,5,2,4,3,2,Regional East African view absent from larger outlets,"The East African is a weekly regional newspaper published in Nairobi by Nation Media Group, covering Kenya, Uganda, Tanzania, Rwanda and their neighbours. Use it for politics, trade and integration in the East African Community and for regional views of the Horn and the Great Lakes.",A newspaper edited for the East African Community as one region.
324,The Gleaner (Jamaica Gleaner),63,Regional,Jamaica National Daily,https://jamaica-gleaner.com,Active,EN,Caribbean,Jamaica and the Caribbean,Jamaica,RJRGLEANER Communications Group (Radio Jamaica Limited),Commercial,"Centrist, establishment",Freemium,"Articles, digital replica edition, video",Daily,Every Two Weeks,19,17,4,6,4,2,3,3,5,Caribbean is underserved; daily paper of record for Jamaica,"The Gleaner, founded in Kingston in 1834, is Jamaica's oldest daily newspaper and part of the publicly listed RJRGLEANER Communications Group. Use it for daily reporting on Jamaican politics, economy, hurricanes and diaspora affairs, and as one English language window on the wider Caribbean alongside Barbadian sources.","One of the oldest newspapers in the Caribbean, with an archive reaching back to 1834."
325,Bachtrack,62,Ideas,Classical Music / Performing Arts,https://bachtrack.com,Active,EN / FR / DE / ES,Global / Europe,Global / Europe,United Kingdom,Bachtrack Ltd,Commercial,"Independent, arts criticism",Free,"Concert, opera and dance reviews, event listings, interviews",Daily,Every Two Weeks,19,7,12,6,6,4,3,4,1,Performing arts listings and criticism with a French edition,"Bachtrack is a classical music site founded in London in 2008 by David and Alison Karlin, combining a worldwide database of concert, opera and dance listings with reviews by a large network of critics. Use it to find performances in Montreal and abroad and to read reviews in English, French, German and Spanish.","The largest searchable listing of live classical music, opera and dance worldwide, with reviews in four languages."
326,Brookings Institution,62,Research,Public Policy Research,https://www.brookings.edu,Active,EN,United States / Global,United States / Global,United States,The Brookings Institution,Think Tank,"Centrist, establishment liberal",Free,"Reports, commentary, podcasts, events, data",Daily,Every Two Weeks,22,8,11,6,9,2,3,4,-3,Prestige institution adding little new perspective,"The Brookings Institution is a Washington think tank founded in 1916 that publishes research and commentary on economics, governance, metropolitan policy, technology and foreign affairs. Use it for baseline American policy analysis and data, keeping in mind its establishment vantage point and its funding from foundations, corporations and governments.","A century old general purpose American think tank, useful mainly as a baseline of establishment policy thinking."
327,Dunia (두니아),62,Regional,Asia Investigative Reporting,https://thedunia.org,Active,KO,Japan and Korea / Southeast Asia / South Asia,Asia (Korean Vantage),South Korea,Dunia (independent newsroom; legal owner not confirmed),Reader Funded Independent,"Independent, investigative",Freemium,"Investigations, newsletter, video",Irregular,Every Two Weeks,17,14,9,5,6,1,4,3,3,Independent Korean perspective on Asia; small and in a language read by translation,"Dunia is a Korean language independent outlet, online at thedunia.org, that presents itself as investigating Asia and publishes reports, a newsletter and video. Treat it as a secondary source read through translation, useful for a Korean vantage on Asian affairs that the large English language outlets seldom provide.","A Korean language newsroom devoted to investigating the rest of Asia, a vantage rarely available in other media."
328,E3G,62,Research,Climate Diplomacy Think Tank,https://www.e3g.org,Active,EN,Europe / Global,Europe / Global,United Kingdom,Third Generation Environmentalism Ltd (E3G),Think Tank,"Climate ambition, policy insider",Free,"Briefings, reports, blogs, summit notes",Several per Week,Every Two Weeks,20,9,12,5,8,2,4,3,-1,"Useful diplomacy lens, partly redundant with Carbon Brief on summits","E3G, short for Third Generation Environmentalism, is an independent climate change think tank founded in 2004 with offices in London, Brussels, Berlin and Washington. Use its briefings and blog for the politics of UN climate talks, coal phase out, public finance reform and European energy security.","Political economy reading of climate diplomacy, with frequent briefings around UN climate summits."
329,Heatmap News,62,Specialist,Climate / Energy Transition,https://heatmap.news,Active,EN,United States / Global,United States / Global,United States,Heatmap News Inc.,Commercial,"Pro decarbonization, pragmatic",Freemium,"Articles, newsletters, podcasts, data",Daily,Every Two Weeks,20,8,12,6,8,2,4,4,-2,Overlaps climate nonprofits already listed; United States focus,"Heatmap News is a New York based climate and energy publication launched in 2023 by editors who came from The Week and The Atlantic, with Robinson Meyer as founding executive editor. Use it for daily reporting on clean energy deployment, climate technology, permitting fights and American climate policy.","A newsroom built only around the energy transition, tracking project level fights over clean energy deployment."
330,Mail & Guardian,62,Regional,South Africa News / Investigations,https://mg.co.za,Active,EN,Sub-Saharan Africa,South Africa and Southern Africa,South Africa,M&G Media (majority held by Media Development Investment Fund),Commercial,"Liberal, independent",Freemium,"Weekly newspaper, articles, newsletters",Daily,Every Two Weeks,21,13,6,7,5,2,4,3,1,"Mission driven owner, but Southern Africa is outside priority geographies","A Johannesburg weekly newspaper and daily website founded in 1985 as the Weekly Mail, majority owned since 2017 by the nonprofit Media Development Investment Fund. Use it for investigative and political coverage of South Africa and its neighbours, a region outside the reader's core priorities.",A weekly born in opposition to apartheid that still anchors accountability reporting in South Africa.
331,TaiwanPlus,62,Regional,Taiwan English News,https://www.taiwanplus.com,Active,EN,Taiwan and Greater China,Taiwan,Taiwan,Taiwan Public Television Service Foundation (funded by the Ministry of Culture),State Funded International,"Public service, Taiwan centred",Free,"Video news, streaming channel, documentaries, articles",Daily,Every Two Weeks,19,18,5,6,5,2,3,3,1,English Taiwan video; partly overlaps Focus Taiwan and Taipei Times,"Taiwan's publicly funded English language video news platform, launched in 2021 with Ministry of Culture funding and operated by the Public Television Service. Use it for accessible daily video on Taiwanese politics, society and cross strait affairs, and read it as a view from Taiwan's public sector alongside independent outlets.",An English language television news service produced in Taiwan for an international audience with public funding.
332,Tortoise Media,62,Specialist,Slow News / Audio,https://www.tortoisemedia.com,Active,EN,Europe / Global,United Kingdom and global,United Kingdom,Tortoise Media Ltd,Commercial,"Centrist, liberal",Freemium,"Podcasts, long reads, newsletters, indices",Daily,Every Two Weeks,21,14,7,7,6,2,4,4,-3,Now folded into The Observer; overlaps United Kingdom anchors,"Tortoise Media is a London company founded in 2019 by James Harding and Matthew Barzun around slow news, investigative podcasts and data indices. It bought The Observer from Guardian Media Group in 2025 and now publishes mainly under that title, so the reader should follow The Observer for its journalism.",A slow news startup built on narrative podcasts that went on to take over Britain's oldest Sunday newspaper.
333,Wired,62,Specialist,Technology / Culture,https://www.wired.com,Active,EN / JA / ES / IT,United States / Global,United States / Global,United States,Condé Nast (Advance Publications),Commercial,"Liberal, technology critical",Freemium,"Articles, longform features, newsletters, podcasts, video",Continuous,Every Two Weeks,21,8,11,6,8,3,3,4,-2,Prestige brand overlapping other technology coverage,"Wired is the technology magazine founded in San Francisco in 1993 and owned by Condé Nast, part of Advance Publications, with editions in Japan, Italy and Spanish speaking markets. Use it for reporting on AI, security, platforms and the politics of Silicon Valley, and skip the product reviews.","Three decades of reporting on technology culture, with a Japanese edition useful for language practice."
334,e-flux,62,Ideas,Contemporary Art / Theory,https://www.e-flux.com,Active,EN,Global,Global art world,United States,e-flux (founded by Anton Vidokle),Commercial,"Critical theory, left",Free,"Journal, essays, criticism, announcements, film",Daily,Every Two Weeks,19,5,14,5,9,1,3,4,2,Artist run publisher; adds curatorial and architecture theory,"e-flux is a New York publishing platform founded by artist Anton Vidokle that combines paid institutional announcements with a free journal of art theory, criticism, architecture and film. Use the journal and its archive for essays on contemporary art and curatorial thinking, and skim the announcements for exhibitions.",An artist run platform whose announcement service funds a free journal of theory.
335,Atmos,61,Ideas,Climate / Culture / Art,https://atmos.earth,Active,EN,Global,Global,United States,Atmos (founded by Jake Sargent and William Defebaugh),Nonprofit,"Environmentalist, culture focused",Freemium,"Biannual print magazine, essays, photography, newsletters, podcast",Several per Week,Every Two Weeks,18,8,10,5,8,2,4,4,2,Climate through art and culture; distinct from policy outlets,"A climate and culture magazine founded in 2019 by Jake Sargent and William Defebaugh, publishing a biannual print volume and frequent online essays, photography and newsletters. Use it for visual storytelling about ecology, Indigenous knowledge, fashion and art, as a complement to policy and science reporting on climate.",Treats the climate crisis as a cultural and aesthetic question through commissioned photography and art direction.
336,Disconnect,61,Specialist,Technology Criticism,https://disconnect.blog,Active,EN,Global / Canada and Quebec,Global / Canada,Canada,Paris Marx,Reader Funded Independent,"Left, critical of technology",Freemium,Newsletter essays,Weekly,Every Two Weeks,17,9,10,4,9,2,4,4,2,Reader funded Canadian voice in technology criticism,"Disconnect is a reader supported newsletter by Canadian technology critic Paris Marx, host of the podcast Tech Won't Save Us, offering essays on Silicon Valley, AI, platforms and digital sovereignty. Use it as a weekly critical counterweight to industry narratives, remembering that it is one author's argued position.",A Canadian critic's newsletter arguing for digital sovereignty and public alternatives to United States technology firms.
337,Dissent,61,Ideas,Democratic Left Essays,https://www.dissentmagazine.org,Active,EN,United States / Global,United States / Global,United States,Foundation for the Study of Independent Social Ideas,Nonprofit,"Left, democratic socialist",Freemium,"Quarterly magazine, essays, reviews, podcasts",Several per Week,Every Two Weeks,20,6,11,5,8,2,5,3,1,"Nonprofit; social democratic essays, partly overlapping other left reviews","Dissent is a quarterly magazine of politics and culture founded in New York in 1954 by Irving Howe and Lewis Coser and published by the nonprofit Foundation for the Study of Independent Social Ideas. Use it for long essays on labour, social democracy, feminism and international politics from the democratic left.",Seven decades of democratic socialist argument opposed to both authoritarian communism and market orthodoxy.
338,Foreign Policy,61,Specialist,Geopolitics / Foreign Affairs,https://foreignpolicy.com,Active,EN,Global / United States,Global,United States,Graham Holdings Company (The FP Group),Commercial,"Centrist, liberal internationalist",Freemium,"Magazine, analysis, newsletters, podcasts",Daily,Every Two Weeks,20,12,9,7,7,2,3,4,-3,Overlaps Foreign Affairs and other geopolitics titles; prestige brand,"Foreign Policy is a Washington based magazine of global affairs founded in 1970 and owned by Graham Holdings. Use it for daily analysis and argument on diplomacy, security and the world economy, with regional briefings by newsletter, while filtering its more provocative opinion headlines.","Weekly regional newsletters such as China Brief and Africa Brief, each written by a named specialist."
339,International Institute for Strategic Studies (IISS),61,Research,Security / Strategic Studies,https://www.iiss.org,Active,EN,Global / Europe / Southeast Asia / Middle East and North Africa,Global,United Kingdom,International Institute for Strategic Studies,Think Tank,"Establishment, strategic studies",Freemium,"Reports, annual data volumes, journal, online analysis, podcasts",Several per Week,Every Two Weeks,19,10,14,5,5,1,4,3,0,Reference defence data; security lies outside the core themes,"The International Institute for Strategic Studies is a London based research institute founded in 1958 that publishes The Military Balance, the journal Survival and regular strategic assessments. Use it for reference data on armed forces and defence spending, and for analysis around its Shangri-La Dialogue in Singapore.","The Military Balance, an annual open source inventory of armed forces and defence budgets worldwide."
340,Public Books,61,Ideas,Humanities / Public Scholarship,https://www.publicbooks.org,Active,EN,United States / Global,United States and global,United States,Public Books,Nonprofit,"Academic, progressive",Free,"Review essays, interviews, podcast",Several per Week,Every Two Weeks,20,4,11,6,8,2,4,4,2,Academic nonprofit; some overlap with other review magazines,"Public Books is a nonprofit online magazine founded in 2012 by scholars Sharon Marcus and Caitlin Zaloom, in which academics write review essays on books, technology, cities and culture for general readers. Read it for accessible entry points into current humanities and social science debates.","Academic specialists reviewing new books and ideas in plain language, edited to magazine standards."
341,War on the Rocks,61,Specialist,Security / Defence,https://warontherocks.com,Active,EN,United States / Global,United States / Global,United States,Metamorphic Media LLC,Commercial,"Realist, national security",Freemium,"Articles, podcasts, member newsletters",Daily,Every Two Weeks,19,9,12,6,5,2,4,4,0,Practitioner view is useful but fills no priority gap,"War on the Rocks is a Washington platform founded in 2013 by Ryan Evans, publishing analysis, commentary and podcasts on strategy, defence and foreign policy by practitioners and scholars. Use it to understand how military and policy professionals argue about conflicts that shape humanitarian operations.","Defence and strategy debate written mainly by people with direct military, intelligence or policy experience."
342,World Politics,61,Research,Comparative Politics Journal,https://www.press.jhu.edu/journals/world-politics,Active,EN,Global,Global,United States,Princeton Institute for International and Regional Studies (published by Johns Hopkins University Press),Academic,"Academic, nonpartisan",Paid,Peer reviewed journal,Quarterly,Per Issue,25,5,12,7,7,1,5,2,-3,"Prestige journal; dense, paywalled and seldom tied to the reader's fields","World Politics is a quarterly peer reviewed journal of comparative politics and international relations, founded in 1948 and edited at the Princeton Institute for International and Regional Studies. Use it for theory driven research on states, regimes, development and political economy, read selectively.","A small number of long, heavily reviewed articles per issue that often define debates in comparative politics."
343,Actu Philosophia,60,Ideas,Philosophy Book Reviews,https://www.actu-philosophia.com,Active,FR,Europe,France and Francophone World,France,Actu Philosophia (edited by Thibaut Gress),Collective,"Academic, pluralist",Free,"Book reviews, interviews, essays",Weekly,Every Two Weeks,18,4,11,6,7,5,4,2,3,French language philosophy criticism is thin elsewhere in the portfolio,"A French online review of philosophy publishing, run by a volunteer team of academics and teachers under editor Thibaut Gress, with long critical reviews and author interviews. Use it to follow new French language philosophy books across traditions, from the history of philosophy to phenomenology and analytic work.","Long French reviews of new philosophy titles written by specialists, with extended author interviews, all free to read."
344,Artforum,60,Ideas,Contemporary Art / Criticism,https://www.artforum.com,Active,EN,Global / United States,Global,United States,Penske Media Corporation,Commercial,"Art world, critical",Freemium,"Monthly magazine, reviews, essays, news",Monthly,Monthly,19,7,14,6,8,1,3,4,-2,Prestige title under a corporate owner; heavy advertising,"Artforum is a New York contemporary art magazine founded in 1962 and owned since 2022 by Penske Media Corporation, publishing criticism, exhibition reviews, essays and art world news. Use it to follow international exhibitions and critical debates, aware that advertising galleries and a corporate owner shape its field of attention.",The reference record of exhibition reviews for the commercial and institutional contemporary art world since 1962.
345,Lapham's Quarterly,60,Ideas,History / Ideas,https://www.laphamsquarterly.org,Active,EN,Global,"Global, historical",United States,American Agora Foundation (reported move to Bard College unverified),Nonprofit,"Humanist, historical",Freemium,"Thematic quarterly, source excerpts, essays, podcast",Quarterly,Per Issue,21,3,12,8,7,2,5,4,-2,"Unique format, but publication may be paused","Lapham's Quarterly is a magazine of history and ideas founded in 2007 by Lewis Lapham, with each issue assembling historical texts and new essays around one theme. Use its archive for primary source readings across centuries, and confirm its publishing status, which could not be verified here.",Each issue reads one theme through excerpts from several thousand years of writing.
346,Middle East Eye,60,Regional,Middle East News / Analysis,https://www.middleeasteye.net,Active,EN / FR,Middle East and North Africa,Middle East / North Africa,United Kingdom,M.E.E. Limited,Commercial,"Pro Palestinian, Gulf critical",Free,"News, features, opinion, investigations, video",Daily,Every Two Weeks,15,17,8,4,6,4,3,3,0,Distinct regional reporting offset by opaque ownership and funding,"Middle East Eye is a news site launched in London in 2014 and edited by David Hearst, published by M.E.E. Limited, which does not disclose its funders and denies claims of Qatari backing. Use it for reporting from Palestine, Egypt, Turkey and the Maghreb in English and French, keeping that opacity in mind.","Heavy original reporting from Gaza, Egypt and the Maghreb in English and French, paired with undisclosed funding."
347,SSRN,60,Research,Social Science Preprints,https://www.ssrn.com,Active,EN,Global,Global,United States,Elsevier (RELX),Commercial,"Academic, not peer reviewed",Free,"Preprints, working papers, subject networks",Continuous,As Needed,19,4,13,8,8,1,3,4,0,Primary source value offset by commercial publisher ownership,"SSRN is a repository of preprints and working papers owned by Elsevier, strongest in law, economics, finance, political science and management. Use it to find research before journal publication, remembering that papers there have not been peer reviewed.",The main preprint repository for law and economics working papers.
348,Semafor,60,Specialist,Global News Newsletters,https://www.semafor.com,Active,EN,Global / United States / Sub-Saharan Africa / Middle East and North Africa,Global,United States,Semafor Inc.,Commercial,"Centrist, business oriented",Free,"Newsletters, articles, events",Daily,Every Two Weeks,19,12,8,7,7,2,3,4,-2,Venture funded generalist; mostly overlaps the larger outlets,"Global news company founded in 2022 by Ben Smith and Justin Smith, publishing newsletters and articles that separate reported facts from the reporter's view. Use its Africa, Gulf, technology and business newsletters as a quick briefing layer, not as a source of depth.","A story format that labels news, analysis and opposing views as separate sections."
349,Taipei Times,60,Regional,Taiwan English Daily,https://www.taipeitimes.com,Active,EN,Taiwan and Greater China,Taiwan,Taiwan,Liberty Times Group,Family or Trust Owned,"Pan green, sovereignty leaning",Free,"News, editorials, features, bilingual pages",Daily,Every Two Weeks,19,18,5,4,5,3,3,3,0,Partly overlaps Focus Taiwan; editorial pages add a distinct local voice,"Taipei Times is an English language daily founded in 1999 and owned by the Liberty Times Group, with an editorial line sympathetic to Taiwanese sovereignty. Use it for domestic politics, cross strait news and translated commentary, and its bilingual pages for parallel English and Chinese reading.",Carries English translations of Liberty Times editorials and bilingual study pages alongside its own Taiwan reporting.
350,The China Project (formerly SupChina),60,Regional,China News / Analysis Archive,https://thechinaproject.com,Archive,EN,Taiwan and Greater China,China,United States,The China Project (founder Anla Cheng),Commercial,"Independent, explanatory",Freemium,"Archived articles, newsletters, podcast episodes",Archive,Archive Only,20,15,10,6,7,2,4,2,-6,Closed in 2023; archive only,"The China Project, launched in New York in 2016 as SupChina by Anla Cheng and edited by Jeremy Goldkorn, published daily China news, explainers and the Sinica podcast until it closed in November 2023 for lack of funding. Use the archive for background on business, society and politics; Sinica continues independently under Kaiser Kuo.",A closed outlet whose archive holds seven years of plain English explanation of Chinese society and business.
351,The Revelator,60,Specialist,Biodiversity / Conservation,https://therevelator.org,Active,EN,United States / Global,United States / Global,United States,Center for Biological Diversity,Nonprofit,Conservation advocacy,Free,"Articles, essays, newsletter",Several per Week,Every Two Weeks,18,8,12,4,7,2,4,4,1,"Biodiversity focus, but owned by an advocacy group","The Revelator is an environmental news and commentary site published by the Center for Biological Diversity, an American conservation group, and edited by John R. Platt. Read it for reporting and essays on endangered species, biodiversity loss, public lands and climate, keeping its parent organisation's advocacy role in mind.","An editorially separate news site funded by a conservation advocacy group, centred on wildlife and extinction."
352,Assemblage,59,Research,Critical Architecture Theory,https://www.jstor.org/journal/assemblage,Active,EN,Global / United States,Global,United States,MIT Press,Academic,"Academic, critical theory",Freemium,Journal archive,Archive,Monthly,23,2,13,6,8,1,5,2,-1,"Architecture theory gap, offset by archive only status","Assemblage was a journal of architecture and design culture published by MIT Press from 1986 to 2000, edited by K. Michael Hays, and its 41 issues remain available through JSTOR. Use the archive for foundational debates in critical architectural theory, not for current coverage.",The complete run of a journal that defined critical architecture theory in North America during the 1990s.
353,Contretemps,59,Ideas,Radical Political Philosophy,https://www.contretemps.eu,Active,FR,Europe / Global,France / Global,France,Contretemps editorial collective (print edition with Éditions Syllepse),Collective,"Left, Marxist",Free,"Essays, interviews, translations, print issues",Several per Week,Monthly,16,9,11,3,7,5,4,3,1,"Collective ownership, but overlaps other left theory outlets","Contretemps is a French review of critical theory and politics founded in 2001 around the philosopher Daniel Bensaïd, now run mainly as a free web review by a volunteer editorial collective. Read it for Marxist, feminist, ecological and decolonial essays and translations, knowing its openly partisan line.",A free French language review of Marxist theory that translates international left debates into French.
354,Lausan Collective (流傘),59,Regional,Hong Kong Left Analysis,https://lausancollective.com,Active,EN / ZH-Hant,Taiwan and Greater China,Hong Kong and Diaspora,Transnational (Hong Kong diaspora),Lausan Collective,Collective,"Left, decolonial",Free,"Essays, translations, interviews, events",Irregular,Monthly,16,15,10,4,6,4,4,2,-2,Volunteer collective adds diversity; output believed slow or dormant,"A volunteer collective of writers, translators, artists and organizers from Hong Kong and its diaspora, formed during the 2019 protests and publishing in English and Chinese. Use its essays and translations for left perspectives on Hong Kong that criticize both Chinese state power and Western imperialism, and check how recently it has published.",Translates Hong Kong left and labour writing between Chinese and English from an explicitly internationalist position.
355,NRC,59,Anchor,Dutch Paper of Record,https://www.nrc.nl,Active,NL,Europe,Netherlands and Europe,Netherlands,Mediahuis,Commercial,"Liberal, centrist",Paid,"Daily newspaper, web articles, podcasts",Daily,Monthly,24,12,6,7,5,1,4,3,-3,Dutch only; overlaps other European papers of record,"NRC is a Dutch daily newspaper of record based in Amsterdam, formed in 1970 from two older liberal papers and now owned by the Belgian group Mediahuis. It publishes only in Dutch, so use it through translation for coverage of the Netherlands, European Union politics and long investigations.",A Dutch paper of record with a long standing ombudsman and public corrections practice.
356,Radical Philosophy,59,Ideas,Critical Theory / Philosophy,https://www.radicalphilosophy.com,Active,EN,Europe / Global,United Kingdom / Global,United Kingdom,Radical Philosophy editorial collective,Collective,"Left, socialist and feminist",Free,"Journal issues, essays, reviews, interviews, open archive",Irregular,Monthly,20,2,13,4,8,1,5,3,3,"Collective run and open access, with a full archive from 1972","Radical Philosophy is a British journal of socialist and feminist philosophy founded in 1972, run by an editorial collective and published open access since its 2018 relaunch. Use its articles and complete free archive for critical theory, continental philosophy and theoretically serious writing on borders, labour, technology and ecology.","Over fifty years of socialist and feminist philosophy, with the whole archive free to read online."
357,Science Friday,59,Specialist,Science Radio / Podcast,https://www.sciencefriday.com,Active,EN,United States,United States,United States,Science Friday Initiative,Nonprofit,"Science communication, nonpartisan",Free,"Radio show, podcast, articles, educational resources",Weekly,Monthly,22,5,9,7,6,2,4,4,0,"Nonprofit audio format, offset by overlap with other science coverage","Science Friday is a public radio program and podcast produced by the nonprofit Science Friday Initiative, hosted since 1991 by Ira Flatow and distributed to stations by WNYC Studios. Use it as a weekly listening digest of new research in climate, health, space and technology, built on interviews with working scientists.",A long running public radio science show built on direct weekly conversations with working scientists.
358,Scientific American,59,Specialist,Science Journalism / General,https://www.scientificamerican.com,Active,EN,Global / United States,"Global, United States based",United States,Springer Nature,Commercial,"Science based, liberal leaning",Freemium,"Magazine, articles, podcasts, newsletters",Daily,Monthly,23,4,10,7,7,2,4,4,-2,Prestige title overlapping stronger science sources,"Scientific American is a popular science magazine published since 1845 and owned by Springer Nature, with daily online news and a regular print edition. Use it for accessible explanations of research in climate, artificial intelligence, health and physics, checking important claims against the original papers.","The oldest continuously published magazine in the United States, with working scientists among its regular authors."
359,The New Atlantis,59,Ideas,Technology / Society Essays,https://www.thenewatlantis.com,Active,EN,United States / Global,United States / Global,United States,Center for the Study of Technology and Society,Nonprofit,"Conservative, humanist",Freemium,"Quarterly journal, essays, reviews",Quarterly,Per Issue,19,2,12,5,9,2,5,3,2,Nonprofit; adds a perspective on technology absent elsewhere in the list,"The New Atlantis is a quarterly journal of technology and society founded in 2003 and published in Washington by the nonprofit Center for the Study of Technology and Society. Use it for long essays on bioethics, AI, science policy and the philosophy of technology, written from a conservative humanist position unlike most technology criticism.","A conservative humanist journal of technology criticism, useful as a counterweight to left and industry perspectives."
360,The Philosopher,59,Ideas,Public Philosophy,https://www.thephilosopher1923.org,Active,EN,Europe / Global,United Kingdom / Global,United Kingdom,The Philosophical Society of England,Nonprofit,Pluralist public philosophy,Freemium,"Quarterly journal, essays, interviews, online events",Quarterly,Per Issue,19,3,11,7,8,2,5,3,1,Charity owned; philosophy is otherwise well covered in the portfolio,"The Philosopher is the journal of the Philosophical Society of England, published since 1923 and relaunched in recent years as a public philosophy quarterly with a free series of online events. Use it for accessible essays by working philosophers on politics, technology, race, ecology and the self.","A century old society journal reinvented as public philosophy, pairing print issues with free live online conversations."
361,The Point,59,Ideas,Philosophy / Culture,https://thepointmag.com,Active,EN,United States,United States,United States,The Point Magazine,Nonprofit,"Philosophical, heterodox",Freemium,"Print magazine, essays, symposiums, newsletter",Quarterly,Per Issue,19,2,11,8,7,2,5,3,2,Nonprofit philosophy magazine with a wide political range,"The Point is a nonprofit magazine of philosophical essays on politics, culture and everyday life, founded in Chicago in 2009 by graduate students from the University of Chicago. Read it when you want slow, reflective essays and symposiums that ask what a good life or a good society requires.",Each issue builds a symposium around one plain question about what something is for.
362,The Straits Times,59,Anchor,Singapore Daily,https://www.straitstimes.com,Active,EN,Southeast Asia,Singapore / Southeast Asia,Singapore,SPH Media Trust,Family or Trust Owned,"Establishment, government aligned",Freemium,"News, analysis, newsletters, podcasts",Continuous,Monthly,17,19,5,4,5,2,3,4,0,Top priority Southeast Asian city; establishment paper with limited independence,"The Straits Times is Singapore's main English language daily, founded in 1845 and published by SPH Media Trust, a nonprofit entity that receives government funding. Use it for Singapore policy, business and Southeast Asian news from its regional bureaus, while reading its domestic political coverage with caution.","Singapore's paper of record, with correspondents across Southeast and East Asian capitals."
363,Africanews,58,Regional,Pan African News,https://www.africanews.com,Active,EN / FR,Sub-Saharan Africa / Middle East and North Africa,Africa,France,Euronews SA (majority owned by Alpac Capital),Commercial,"Centrist, wire based",Free,"Articles, television, video",Continuous,Monthly,18,13,5,6,5,4,3,3,1,"Bilingual Africa baseline, but largely derived from wire copy","Africanews is a pan African news channel and website launched in 2016 as the sister service of Euronews, publishing parallel English and French editions. Use it as a quick continental baseline, noting that much of its report draws on agency copy and that deeper regional outlets should follow.",A continent wide news service with matching English and French editions under the Euronews group.
364,France 24 Español,58,Anchor,Spanish Language International News,https://www.france24.com/es/,Active,ES,Global / Latin America and Brazil,"Global, Latin American newsroom",France,France Médias Monde,State Funded International,"Centrist, French public service",Free,"Live television, articles, video",Continuous,Monthly,22,14,3,7,5,4,3,3,-3,Overlaps France 24 in French and BBC News Mundo,"France 24 Español is the Spanish language channel and website of the French state funded broadcaster France Médias Monde, launched in September 2017 with a newsroom in Bogotá. Use it for free rolling news in Spanish with a European and Latin American outlook, as language practice alongside BBC News Mundo.","A French public international channel with a Bogotá newsroom, giving Latin American news a European frame."
365,Frieze,58,Ideas,Contemporary Art Criticism,https://www.frieze.com,Active,EN,Global / Europe,"Global art world, London base",United Kingdom,Company led by Ari Emanuel (bought from Endeavor in 2025),Commercial,"Art establishment, critical",Freemium,"Print magazine, reviews, features, podcast",Several per Week,Monthly,19,7,12,6,8,2,3,4,-3,Prestige title tied to fair business; overlaps other art outlets,"Frieze is a London contemporary art magazine founded in 1991, published alongside the Frieze art fairs and sold in 2025 by Endeavor to a company led by Ari Emanuel. Use it for exhibition reviews and essays on artists and curating, bearing in mind its commercial ties to the fair business.",A critical magazine that shares a brand and owner with major commercial art fairs.
366,Korea JoongAng Daily,58,Regional,South Korea English Daily,https://www.koreajoongangdaily.com,Active,EN,Japan and Korea,South Korea,South Korea,JoongAng Group,Commercial,"Centre right, business friendly",Free,"Articles, opinion, culture coverage, newsletters",Daily,Monthly,19,14,6,5,5,2,3,3,1,Adds Korea coverage; conglomerate ownership limits the gain,"Korea JoongAng Daily is the English language newspaper of the JoongAng Group in Seoul, founded in 2000 and distributed in Korea together with the international edition of The New York Times. Use it for South Korean politics, industry, semiconductors and culture, balanced against the centre left Hankyoreh English edition.","A Korean media conglomerate's English daily, distributed together with The New York Times international edition."
367,OhmyNews (오마이뉴스),58,Regional,South Korea Citizen Journalism,https://www.ohmynews.com,Active,KO,Japan and Korea,South Korea,South Korea,"OhmyNews Co., Ltd.",Commercial,"Progressive, participatory",Free,"Citizen reports, staff articles, video",Continuous,Monthly,17,13,10,5,5,1,3,3,1,Distinct participatory model; Korean only limits use,"OhmyNews is a South Korean online newspaper founded in 2000 by Oh Yeon-ho on the motto that every citizen is a reporter, combining staff journalists with thousands of citizen contributors. It publishes in Korean, so use it through translation for progressive and grassroots views of Korean politics.","The pioneering citizen journalism newsroom, where staff editors check and publish reports from ordinary contributors."
368,Public Understanding of Science,58,Research,Science Communication Research,https://journals.sagepub.com/home/pus,Active,EN,Global,Global,United Kingdom,SAGE Publications,Academic,"Academic, nonpartisan",Freemium,Peer reviewed journal,Monthly,Monthly,23,2,12,7,6,1,4,2,1,Academic source on science and society; dense and narrow,"Public Understanding of Science is a peer reviewed journal published by SAGE since 1992 on how publics, media and institutions engage with science and technology. Use it for research on science communication, trust in expertise, risk perception and public attitudes toward emerging technologies such as artificial intelligence.","A scholarly journal devoted entirely to how science is communicated, perceived and contested in public."
369,Revue des Deux Mondes,58,Ideas,French Ideas / Culture,https://www.revuedesdeuxmondes.fr,Active,FR,Europe,France,France,Fimalac (Marc Ladreit de Lacharrière),Commercial,"Conservative, liberal",Freemium,"Magazine, essays, interviews, archive",Monthly,Monthly,17,12,9,5,6,5,3,3,-2,Heritage title adding prestige more than new perspective,"Revue des Deux Mondes is a French monthly review of literature, history and politics founded in 1829, now owned by Fimalac, the holding company of Marc Ladreit de Lacharrière. Use it for essays and interviews from the conservative and liberal side of French intellectual debate.","One of the oldest reviews still published in Europe, with an archive reaching back to 1829."
370,Rice Media,58,Regional,Singapore Features / Culture,https://www.ricemedia.co,Active,EN,Southeast Asia,Singapore,Singapore,Rice Media (founder Mark Tan),Commercial,"Independent, socially liberal",Free,"Features, opinion, video documentaries",Several per Week,Monthly,16,16,5,6,5,2,3,3,2,Independent Singapore voice outside state linked media,"Rice Media is an independent Singapore digital publication founded in 2016 that publishes long features, commentary and short documentaries on social issues, class, migrant workers and culture. Use it for ground level Singaporean voices outside the state linked press, noting its uneven depth and reliance on sponsored content.",Young Singaporean writers covering social life and inequality in a voice the mainstream local press seldom uses.
371,The Intercept,58,Specialist,Investigative / National Security,https://theintercept.com,Active,EN,United States / Global,United States / Global,United States,"The Intercept Media, Inc.",Nonprofit,"Adversarial, left leaning",Free,"Investigations, news, podcasts, newsletters",Daily,Monthly,20,9,11,4,6,2,3,3,0,Nonprofit status offset by overlap with investigative outlets already listed,"The Intercept is a New York based investigative newsroom founded in 2014 with backing from Pierre Omidyar and run since 2023 as an independent nonprofit. Use it for document based reporting on surveillance, war, policing and technology companies, keeping in mind its openly adversarial stance.","Built on the Snowden archive, it still specializes in leaked documents about surveillance and national security."
372,ArcGIS StoryMaps (Esri),57,Research,Cartography / Spatial Storytelling,https://storymaps.arcgis.com,Active,EN,Global,Global,United States,Esri (Environmental Systems Research Institute),Commercial,"Corporate platform, user generated",Freemium,"Interactive map stories, collections, gallery",Irregular,As Needed,15,7,11,4,9,2,3,4,2,"Fills a cartographic practice gap, though it is a vendor platform","ArcGIS StoryMaps is Esri's web tool and public gallery for narratives built from interactive maps, published by governments, universities, humanitarian agencies and newsrooms. Browse it for working examples of map based storytelling and method, remembering that it is a vendor platform with no editorial review of user stories.","A very large public gallery of map led narratives, built on the same ArcGIS stack the reader uses at work."
373,Energy Monitor,57,Specialist,Energy Transition Analysis,https://www.energymonitor.ai,Active,EN,Global / Europe,Global,United Kingdom,GlobalData,Commercial,"Market oriented, pro transition",Free,"Articles, analysis, data charts",Several per Week,Monthly,19,9,11,6,7,2,4,3,-4,Overlaps the climate outlets already listed; status unknown,"Energy transition news and analysis site launched in 2020 within New Statesman Media Group and later part of GlobalData. It covered power markets, policy and decarbonization data; its current status was not confirmed in this audit, so verify that it still publishes before use.",Energy transition coverage built on a commercial data provider's market figures.
374,Gramophone,57,Ideas,Classical Music Criticism,https://www.gramophone.co.uk,Active,EN,Europe / Global,United Kingdom and global,United Kingdom,Mark Allen Group,Commercial,"Specialist criticism, traditional",Freemium,"Monthly magazine, reviews, podcast, archive",Monthly,Monthly,19,3,13,5,5,2,4,4,2,"Adds music criticism, a thin area in the portfolio","Gramophone is a British monthly magazine on classical music founded in 1923 and published by Mark Allen Group, known for its recording reviews and annual awards. Use it to choose recordings and follow performers, with a searchable review archive reaching back a century for subscribers.",A century of classical recording reviews in one searchable archive.
375,Jacobin,57,Ideas,Socialist Politics / Labour,https://jacobin.com,Active,EN,United States / Global,United States / Global,United States,Jacobin Foundation,Nonprofit,"Left, socialist",Freemium,"Quarterly print magazine, daily web essays, podcasts, video",Daily,Monthly,17,8,11,3,8,2,3,4,1,Labour perspective from a nonprofit; openly partisan and overlaps Dissent,"Jacobin is a socialist magazine founded in 2010 by Bhaskar Sunkara and published in New York by the nonprofit Jacobin Foundation, with a quarterly print edition and daily web commentary. Use it for labour movement coverage, union campaigns and left political economy, reading it as argument from a declared position.","The most widely read English language socialist magazine, with steady coverage of strikes and union organizing."
376,Pambazuka News,57,Regional,Pan African Social Justice,https://www.pambazuka.org,Active,EN,Sub-Saharan Africa,"Africa, continent wide",Kenya,Fahamu,Nonprofit,"Left, Pan Africanist",Free,"Commentary, analysis, archive",Irregular,Monthly,16,13,9,4,6,3,3,2,1,"African movement voices, but current activity is unconfirmed","Pambazuka News is a Pan African platform for commentary and analysis on social justice, founded in 2000 by the organization Fahamu. Use its archive for activist and scholarly writing on human rights, land, gender and governance across Africa, and check whether new issues are still appearing.",A long running archive of African activist and movement writing.
377,The Cambodia Daily,57,Regional,Cambodia Exile News,https://english.cambodiadaily.com,Active,EN / KM,Southeast Asia,Cambodia,United States,The Cambodia Daily (Krisher family),Family or Trust Owned,"Independent, rights focused",Free,"Articles, Khmer video and audio",Daily,Monthly,17,15,6,5,4,2,3,3,2,"Underserved Cambodia, offset by reduced exile operation and aggregation","The Cambodia Daily was an independent Phnom Penh newspaper founded in 1993 by Bernard Krisher that stopped printing in September 2017 after a disputed tax bill. It has continued online from abroad in English and Khmer, largely curating other outlets' reports, so treat it as a secondary source.",A newspaper forced out of Cambodia in 2017 that persists as an exile website in English and Khmer.
378,The Syllabus,57,Ideas,Knowledge Curation / Technology Criticism,https://www.the-syllabus.com,Active,EN,Global,Global,Unconfirmed,The Syllabus (founder and publisher Evgeny Morozov),Reader Funded Independent,"Critical, left technology critique",Freemium,"Curated reading lists, newsletters, podcasts",Weekly,Monthly,17,4,11,5,9,3,5,4,-1,"Independent and subscriber funded, but a curator of other sources","The Syllabus is a curation project founded in 2019 by the technology critic Evgeny Morozov, which uses a mix of algorithms and human editors to select academic papers, essays, talks and podcasts from across the web. Use its themed weekly lists to find serious work on technology, political economy and culture that ranking feeds bury.",Human and machine curation that ranks academic and long work by intellectual merit instead of popularity.
379,Tribune,57,Ideas,British Socialist Magazine,https://tribunemag.co.uk,Active,EN,Europe,United Kingdom,United Kingdom,"Owner of Islam Channel (acquired 2025, per Press Gazette)",Commercial,"Left, democratic socialist",Freemium,"Print magazine, web articles, essays",Several per Week,Monthly,16,12,10,3,8,2,3,3,0,"Labour movement voice; single line, recent ownership change","British socialist magazine founded in 1937, relaunched in 2018 under Jacobin's publisher and acquired in 2025 by the owner of Islam Channel. Read it for arguments from the Labour left on unions, housing, public ownership and political economy, as one committed voice among others.","The historic magazine of the British Labour left, once edited by Aneurin Bevan and Michael Foot."
380,Jihadica,56,Specialist,Jihadism Studies Blog,https://www.jihadica.com,Active,EN,Middle East and North Africa / Global,Middle East / Global,United States,"Jihadica (founded by William McCants, edited by Cole Bunzel)",Academic,"Academic, primary source based",Free,"Expert blog posts, primary source analysis",Irregular,Monthly,18,9,13,6,4,1,5,2,-2,"Academic expertise, reduced because posting appears close to dormant","Jihadica is an academic blog founded in 2008 by William McCants and later edited by Cole Bunzel, in which specialists who read Arabic analyse the texts, debates and internal disputes of jihadi movements. Use its archive for primary source context on ideology, since posting has been infrequent in recent years.",Scholars reading jihadi ideological texts in the original Arabic and explaining the internal arguments to outsiders.
381,Mirror Media (鏡週刊),56,Regional,Taiwan Weekly / Investigations,https://www.mirrormedia.mg,Active,ZH-Hant,Taiwan and Greater China,Taiwan,Taiwan,"Mirror Media Inc. (鏡傳媒), founded by Pei Wei (裴偉)",Commercial,"Commercial, tabloid investigative",Freemium,"Articles, weekly magazine, longform profiles, video",Continuous,Monthly,15,18,6,5,4,5,2,3,-2,Tabloid churn; The Reporter covers investigations with stronger method,"A Taiwanese weekly magazine and news site launched in 2016 by former Next Magazine publisher Pei Wei, mixing political and business scoops with celebrity and crime coverage. Use it selectively for exclusives that shape the Taiwanese news agenda and for its longform profiles, and cross check claims against The Reporter or public media.","Taiwan's main scoop driven weekly, whose exclusives on politicians and business figures often drive the national news cycle."
382,Sahan Journal,56,Regional,Minnesota Immigrant Communities News,https://sahanjournal.com,Active,EN,United States,"Minnesota, United States",United States,Sahan Journal (nonprofit),Nonprofit,"Community centred, independent",Free,"Articles, newsletters, community guides",Daily,Monthly,22,8,7,6,5,2,4,3,-1,"Nonprofit, but outside priority geographies; earlier label was wrong","Sahan Journal is a nonprofit digital newsroom in Minnesota founded in 2019 by Mukhtar Ibrahim to report for and about immigrants and communities of colour in that state. It is a United States local outlet, not an East African one, so use it mainly as a model of community centred reporting.","A local newsroom built by and for immigrant communities, with Somali Minnesotans at its origin."
383,Sahara Reporters,56,Regional,Nigeria Citizen Journalism,https://saharareporters.com,Active,EN,Sub-Saharan Africa,Nigeria / West Africa,United States,Sahara Reporters Media Group (founder Omoyele Sowore),Nonprofit,"Activist, anti corruption",Free,"Articles, leaks, video",Continuous,Monthly,14,17,7,4,5,2,2,3,2,"West Africa ground signal, but thin verification standards","Sahara Reporters is a Nigerian news site founded in New York in 2006 by the activist Omoyele Sowore, built on leaks and citizen reports about corruption and abuse of power. Use it as an early signal on Nigerian scandals, and confirm claims with Premium Times or wire reports.",A diaspora based outlet that publishes leaked documents on Nigerian officials that domestic media often avoid.
384,The Baffler,56,Ideas,Political Economy / Cultural Criticism,https://thebaffler.com,Active,EN,United States / Global,United States / Global,United States,The Baffler Foundation,Nonprofit,"Left, anti establishment",Freemium,"Magazine, essays, fiction, poetry",Several per Week,Monthly,19,3,11,4,8,2,4,3,2,Small nonprofit; labour and technology criticism against prevailing hype,"The Baffler is a magazine of political and cultural criticism founded in 1988 by Thomas Frank and Keith White, now published in New York by the nonprofit Baffler Foundation. Use it for skeptical essays on business culture, technology hype, labour and media, plus fiction and poetry.","Satirical, combative criticism of business and technology boosterism from a small nonprofit magazine."
385,The Gradient,56,Specialist,Artificial Intelligence Research,https://thegradient.pub,Active,EN,Global,Global,United States,The Gradient (volunteer editorial team),Collective,"Research community, independent",Free,"Essays, interviews, podcast, newsletter",Irregular,Monthly,18,1,12,6,9,2,5,3,0,"Volunteer academic voice, offset by unclear current activity","The Gradient is a volunteer run publication started in 2017 by researchers at the Stanford Artificial Intelligence Laboratory, offering essays, interviews and a podcast on machine learning research. Use its archive for clear technical overviews, and check how recently it has published before relying on it for news.",Long explanatory essays on machine learning written by working researchers for a wider audience.
386,boundary 2,56,Research,Critical Theory / Literature,https://read.dukeupress.edu/boundary-2,Active,EN,United States / Global,United States and global,United States,Duke University Press,Academic,"Academic, critical theory",Paid,"Peer reviewed journal, online review",Quarterly,Per Issue,23,2,12,5,6,1,4,2,1,Academic depth in theory; narrow use for this reader,"boundary 2 is a quarterly journal of literature and culture founded in 1972 and published by Duke University Press, with a strong tradition in critical theory and postcolonial thought. Consult it selectively for demanding theoretical essays, and see its open online companion b2o for shorter reviews.",A journal that helped define postmodern literary theory and still publishes long theoretical interventions.
387,Asia Times,55,Regional,Asia Pacific Analysis,https://asiatimes.com,Active,EN,Southeast Asia / Taiwan and Greater China / South Asia / Global,Asia Pacific,Hong Kong,Asia Times Holdings Limited,Commercial,"Contrarian, business oriented",Freemium,"Articles, commentary, newsletter",Daily,Monthly,16,13,8,6,6,2,3,3,-2,Opinion heavy; overlaps stronger Asia outlets already listed,"Asia Times is an English language news and commentary site based in Hong Kong, descended from a Bangkok newspaper founded in 1995 and now owned by Asia Times Holdings. Use it selectively for contrarian analysis of Asian geopolitics, finance and technology, checking claims because commentary outweighs reporting.",A pan Asian commentary site with a contrarian finance and strategy slant distinct from Western and state outlets.
388,Dezeen,55,Ideas,Architecture / Design News,https://www.dezeen.com,Active,EN,Global,Global,United Kingdom,JP/Politiken Media Group,Commercial,"Commercial, design industry",Free,"News, project features, video, newsletters, awards",Daily,Monthly,18,8,10,5,7,2,3,4,-2,High volume commercial feed overlapping other architecture titles,"Dezeen is a London based online magazine of architecture, interiors and design founded in 2006 by Marcus Fairs and owned since 2021 by the Danish group JP/Politiken Media. Skim its daily feed to track new buildings and industry debates, and turn to slower journals for criticism.",A very high volume daily feed of new architecture and design projects from around the world.
389,NewMusicBox,55,Ideas,Contemporary Music / United States,https://nmbx.newmusicusa.org,Active,EN,United States,United States,United States,New Music USA,Nonprofit,"Artist centred, nonpartisan",Free,"Essays, interviews, audio and video profiles",Irregular,Monthly,19,3,12,6,5,2,4,3,1,New music niche; current publishing status unclear,"NewMusicBox is the online magazine of the nonprofit New Music USA, launched in 1999, with composer interviews and essays written largely by working musicians. Use its archive for first person writing on contemporary composition and sound practice in the United States; whether it still commissions new articles could not be confirmed.","Decades of long conversations with American composers, written and recorded by practitioners."
390,Responsible Statecraft,55,Specialist,Foreign Policy / Restraint,https://responsiblestatecraft.org,Active,EN,United States / Global,United States and Global,United States,Quincy Institute for Responsible Statecraft,Think Tank,"Realist, restraint advocacy",Free,"Articles, analysis, commentary",Daily,Monthly,17,9,10,4,6,2,3,3,1,"Counterweight to hawkish consensus, but advocacy from one institute","The online magazine of the Quincy Institute for Responsible Statecraft, a Washington think tank founded in 2019 that argues for military restraint and diplomacy. Use it as a deliberate counterweight to interventionist commentary on United States foreign policy, arms spending and lobbying, and read it as advocacy with a declared line.",A transpartisan restraint school outlet joining left and conservative critics of United States military intervention.
391,n+1,55,Ideas,Literature / Politics / Culture,https://www.nplusonemag.com,Active,EN,United States / Global,United States / Global,United States,n+1 Foundation,Nonprofit,"Left, literary intellectual",Freemium,"Print issues, online essays, fiction, reviews, books",Weekly,Monthly,19,4,11,5,7,1,5,3,0,"Nonprofit, offset by overlap with other American literary reviews","n+1 is a Brooklyn magazine of literature, culture and politics founded in 2004 by Keith Gessen, Mark Greif, Benjamin Kunkel, Marco Roth and others, published three times a year by the nonprofit n+1 Foundation. Use it for long essays, fiction and criticism that connect intellectual life with left politics and everyday experience.","Long unsigned editorials under the heading The Intellectual Situation, diagnosing the cultural moment in a collective voice."
392,Asterisk Magazine,54,Ideas,Science / Policy Essays,https://asteriskmag.com,Active,EN,Global / United States,Global,United States,Asterisk Magazine,Nonprofit,"Rationalist, effective altruism adjacent",Free,"Quarterly issues, longform essays, interviews",Quarterly,Per Issue,18,3,10,5,8,2,5,3,0,"Careful essays, but one funding milieu and overlap with Works in Progress","Asterisk is a quarterly online and print magazine launched in 2022 and edited by Clara Collier, supported by philanthropy aligned with effective altruism. Use it for long, quantitative essays on AI forecasting, biosecurity, global health, economic growth and science policy, read with its intellectual milieu in mind.","Quantitative, forecasting minded essays in which authors show their uncertainty and their numbers."
393,Citizen News (眾新聞),54,Regional,Hong Kong Independent News,https://www.hkcnews.com,Closed,ZH-Hant,Taiwan and Greater China,Hong Kong,Hong Kong,Citizen News (founded by veteran Hong Kong journalists),Reader Funded Independent,"Independent, liberal",Free,"Articles, investigations, commentary (archive only)",Archive,Archive Only,20,17,6,6,4,5,3,1,-8,Believed closed since 2022; archive availability unconfirmed,"A Hong Kong news site founded in 2017 by veteran journalists and funded by readers, which stopped publishing in January 2022, days after the closure of Stand News. Its address now shows only a farewell message, so treat it as a historical marker of reader funded Hong Kong journalism.",A record of reader funded Hong Kong journalism from the years just before and after the national security law.
394,Monthly Review,54,Ideas,Marxist Political Economy,https://monthlyreview.org,Active,EN,United States / Global,United States / Global,United States,Monthly Review Foundation,Nonprofit,"Left, socialist",Freemium,"Magazine, essays, book press, companion website",Monthly,Monthly,17,4,11,3,8,2,4,3,2,Independent socialist foundation; a declared tradition absent elsewhere in the list,"Monthly Review is an independent socialist magazine founded in New York in 1949 by Paul Sweezy and Leo Huberman, published by the Monthly Review Foundation and edited by John Bellamy Foster. Use it for Marxist analysis of capitalism, imperialism, labour and ecology, read as a declared position.",The longest continuously published socialist magazine in the United States and a home of ecological Marxism.
395,News in Slow Spanish,54,Specialist,Spanish Learner News,https://www.newsinslowspanish.com,Active,ES,Europe / Latin America and Brazil / Global,Spain and Latin America,United States,Linguistica 360,Commercial,"Educational, neutral",Freemium,"Podcast, transcripts, grammar lessons",Weekly,Monthly,16,7,10,5,3,4,4,4,1,Learner pacing for Spanish; no original reporting,"Weekly subscription programme from Linguistica 360 that discusses the week's news in slowed, clearly spoken Spanish, with transcripts, grammar notes and separate Spain and Latin America editions. Use it for listening practice at intermediate level; it summarizes news and does not report it.","Current affairs delivered at learner pace in Spanish, with full transcripts for intermediate listeners."
396,Works in Progress,54,Ideas,Progress Studies / Policy,https://worksinprogress.co,Active,EN,Global / Europe / United States,Global,United Kingdom,Stripe (Stripe Press),Commercial,"Market liberal, techno optimist",Free,"Longform essays, newsletter, podcast, print edition",Quarterly,Per Issue,18,4,10,4,8,2,5,3,0,"Distinct urbanism essays, offset by corporate ownership and one line","Works in Progress is a magazine of ideas about economic growth, science, housing and technology, founded in 2020 and published by the payments company Stripe since 2022. Use it for well illustrated explanatory essays on urban form, construction and infrastructure, keeping in mind its pro growth, market liberal stance.","Illustrated essays on how things came to work, from housing rules to vaccines, argued from a pro growth stance."
397,AllAfrica,53,Regional,Africa News Aggregator,https://allafrica.com,Active,EN / FR,Sub-Saharan Africa / Middle East and North Africa,Africa,United States,AllAfrica Global Media,Commercial,"Aggregator, pan African",Freemium,"Aggregated news, topic and country pages, archive",Continuous,Monthly,16,13,5,6,5,4,2,3,-1,"Aggregator penalty, partly offset by Francophone African breadth","AllAfrica is an aggregator operated by AllAfrica Global Media that republishes several hundred reports a day from African news organizations, governments and agencies in English and French. Use it to scan coverage by country or topic, then judge each item by its original publisher.",A single searchable feed of English and French reports from many national African newsrooms.
398,Caribbean News Global,53,Regional,Caribbean Regional News,https://www.caribbeannewsglobal.com,Active,EN,Caribbean,Caribbean,Unconfirmed,Unconfirmed,Commercial,"Regional, mixed commentary",Free,"Articles, press releases, commentary",Daily,Monthly,14,15,6,5,5,2,2,2,2,"Caribbean is underserved, offset by aggregation and thin sourcing","Caribbean News Global is a free English language news site covering politics, economy, diplomacy and regional institutions across the Caribbean, with much of its output drawn from press releases and commentary. Use it as a scan of regional announcements and verify anything important against primary or local sources.","A pan Caribbean feed that gathers government, CARICOM and agency announcements from many small island states in one place."
399,New Scientist,53,Specialist,General Science Weekly,https://www.newscientist.com,Active,EN,Global / Europe,Global / United Kingdom,United Kingdom,Daily Mail and General Trust (DMGT),Commercial,"Popular science, mainstream",Freemium,"Weekly magazine, news, features, podcasts, newsletters",Daily,Monthly,21,4,9,7,6,2,3,4,-3,"Overlaps Science, Nature news and Quanta; commercial owner","New Scientist is a British weekly science magazine founded in 1956 and owned since 2021 by Daily Mail and General Trust. Use it for quick, readable news on research, technology, health and environment, then follow its references to the journals for anything that matters to your work.","A weekly digest of research news across all sciences, written for general readers rather than specialists."
400,The Strad,53,Ideas,String Music / Lutherie,https://www.thestrad.com,Active,EN,Global,Global,United Kingdom,Newsquest Specialist Media,Commercial,"Specialist, classical music trade",Freemium,"Monthly magazine, articles, reviews",Monthly,Monthly,19,2,13,5,4,2,4,3,1,Deep music niche with narrow relevance to the reader,"The Strad is a London monthly magazine for string players, teachers and instrument makers, published since 1890 and now part of Newsquest Specialist Media. Use it for interviews, technique articles, concert reviews and detailed studies of violin making, a narrow field it covers in depth.","The long standing magazine of bowed string instruments, including technical posters documenting historic violins."
401,Caribbean News Service,52,Regional,Caribbean Regional News,https://www.facebook.com/CaribbeanNewsService/,Active,EN,Caribbean,Caribbean region,Unconfirmed,Unconfirmed,Commercial,Unconfirmed,Free,"News articles, social media posts",Irregular,Monthly,14,15,4,5,4,2,3,2,3,"Caribbean gap, but opaque ownership and unconfirmed activity","Caribbean News Service is a regional news outlet that reports on politics, business, climate and disaster risk across Caribbean states, and its own website could not be confirmed in this audit. Treat it as a possible supplementary Caribbean feed and check that it is still publishing before relying on it.",A regional Caribbean news feed that also appears in the PreventionWeb directory of disaster risk organizations.
402,Musical America,52,Specialist,Performing Arts Industry News,https://www.musicalamerica.com,Active,EN,United States / Global,United States / Global,United States,"Performing Arts Resources, LLC",Commercial,"Trade, industry focused",Freemium,"Industry news, annual directory, special reports, awards",Daily,Monthly,19,6,11,6,4,2,3,3,-2,Trade focus on the United States; overlaps Bachtrack for this reader,"Musical America is the oldest American classical music publication, founded in 1898, now an online trade news service and annual International Directory of the Performing Arts. Use it for industry appointments, orchestra and opera finances, artist management and its annual awards, with a strong United States emphasis.","The performing arts trade's standing directory of artists, managers, presenters and orchestras, issued every year."
403,Nautilus,52,Ideas,Science / Philosophy Longform,https://nautil.us,Active,EN,United States / Global,United States and global,United States,NautilusNext,Commercial,"Science literacy, humanist",Freemium,"Essays, features, print edition, newsletter",Several per Week,Monthly,19,2,10,6,7,2,4,4,-2,Overlaps other science and ideas magazines already listed,"Nautilus is an American science magazine launched in 2013 that publishes long essays and reported features linking physics, biology, neuroscience and philosophy. Read it for carefully written explanatory pieces by scientists and writers, with a metered paywall and a print edition for members.","Science writing organized around ideas and narrative, with commissioned illustration for each piece."
404,Sentient Media,52,Specialist,Food Systems / Animal Agriculture,https://sentientmedia.org,Active,EN,United States / Global,United States and global,United States,Sentient,Nonprofit,"Animal protection, advocacy rooted",Free,"Articles, explainers, investigations, newsletter",Several per Week,Monthly,17,6,10,4,5,2,4,3,1,"Niche beat, though climate nonprofits partly cover it","Sentient is a nonprofit news organization, formerly styled Sentient Media, that reports on factory farming, food systems and their links to climate, public health and animal welfare. Treat it as a specialist source on agriculture and climate policy, noting that it grew out of animal protection advocacy.",One of very few newsrooms devoted entirely to animal agriculture and its climate footprint.
405,Sixth Tone,52,Regional,China Society / Culture,https://www.sixthtone.com,Active,EN,Taiwan and Greater China,Mainland China,China,Shanghai United Media Group,State Funded International,State aligned,Free,"Features, news, photo essays, video",Daily,Monthly,12,15,8,3,6,2,4,4,-2,State owned; reported tightening of editorial control,"Sixth Tone is an English language outlet launched in 2016 by Shanghai United Media Group, a state owned publisher, with features on Chinese society, rural life, labour and culture. Read it for human scale detail that foreign correspondents miss, knowing that politically sensitive subjects are avoided or censored.","State owned yet feature driven, showing everyday China in English from inside the system."
406,The Marginalian,51,Ideas,Literature / Philosophy / Culture,https://www.themarginalian.org,Active,EN,Global,Global,United States,Maria Popova,Reader Funded Independent,"Humanist, literary",Free,"Essays, annotated reading, weekly newsletters",Several per Week,Monthly,17,2,9,5,7,2,4,4,1,"Reader funded single author project; adds reflection, not reporting","The Marginalian is the solo publication of the writer Maria Popova, begun in 2006 as Brain Pickings and renamed in 2021, funded by reader donations and free of advertising. Use it for reflective essays that draw passages from literature, philosophy, science and art, as slow reading and not as news.","One author's two decade archive of annotated reading across literature, science and philosophy, free and without advertising."
407,Geopolitical Monitor,50,Specialist,Geopolitical Risk Analysis,https://www.geopoliticalmonitor.com,Active,EN,Global,Global,Canada,Geopoliticalmonitor Intelligence Corp.,Commercial,"Realist, nonpartisan",Freemium,"Situation reports, backgrounders, opinion, briefings",Several per Week,Monthly,16,9,8,6,5,2,3,3,-2,Overlaps stronger analysis outlets; thin published standards,"An international intelligence publication and consultancy based in Toronto that issues situation reports, backgrounders and contributed opinion on strategic risks. Use it as a quick scan of emerging security and economic flashpoints from a Canadian publisher, and verify claims elsewhere because contributor quality varies and editorial standards are thinly documented.",A Canadian open source intelligence publisher offering short situation reports on underreported flashpoints.
408,Popula,49,Ideas,Ideas / Culture,https://popula.com,Active,EN,Global / United States,Global,United States,Popula (owned by its journalists; member of the Brick House Cooperative),Employee Owned,"Left, independent",Free,"Essays, articles, archive",Irregular,Monthly,16,7,7,5,6,2,4,3,-1,"Cooperative ownership, offset by apparently sparse recent output","Popula is a small magazine of news, essays and culture owned by its journalists, founded in 2018 by Maria Bustillos and later joined to the Brick House Cooperative. Read its archive for idiosyncratic international essays and media criticism, but check how recently it has published before relying on it.",An experiment in journalist ownership and permanent archiving that began on a blockchain publishing platform.
409,The Scientist,49,Specialist,Life Sciences News,https://www.the-scientist.com,Active,EN,Global / United States,Global life sciences research,United States,LabX Media Group,Commercial,"Science trade, nonpartisan",Freemium,"News, features, infographics, webinars, magazine",Daily,Monthly,20,3,10,7,3,2,3,3,-2,Off theme; life science news is covered by stronger outlets,"The Scientist is a magazine for life science researchers published by LabX Media Group, covering biology, biomedicine, laboratory methods and research careers. Use it occasionally for readable accounts of new findings in the life sciences, which sit outside the core themes of this directory.","Written for working life scientists, with attention to laboratory methods and careers."
410,VnExpress International,49,Regional,Vietnam English News,https://e.vnexpress.net,Active,EN,Southeast Asia,Vietnam,Vietnam,FPT Corporation (licensed under a Vietnamese government ministry),Commercial,State aligned,Free,"News, business, travel, lifestyle",Continuous,Monthly,12,17,4,2,4,2,3,3,2,Priority country with few alternatives; state supervised press,"VnExpress International is the English edition of VnExpress, Vietnam's most read online newspaper, owned by the technology company FPT and licensed by a government ministry. Use it for business, society and everyday life in Vietnam, knowing that political coverage follows the official line.",The widest English language window on daily Vietnamese life from inside the country's licensed press.
411,IAI News (Institute of Art and Ideas),48,Ideas,Philosophy / Science Debates,https://iai.tv,Active,EN,Europe / Global,United Kingdom and global,United Kingdom,The Institute of Art and Ideas,Commercial,"Debate driven, contrarian leaning",Freemium,"Essays, filmed debates, talks, festival recordings",Several per Week,Monthly,16,2,9,7,7,2,3,4,-2,Overlaps stronger philosophy essay platforms already listed,"IAI News is the online magazine of the Institute of Art and Ideas, the British organization founded by philosopher Hilary Lawson that also runs the HowTheLightGetsIn festival. It pairs short essays with filmed debates among philosophers and scientists, useful for sampling disputes but often framed provocatively.",Filmed debates that put philosophers and scientists who disagree on the same stage.
412,Esprit critique,47,Research,Sociology / Social Sciences,https://espritcritique.org,Active,FR,Europe / Canada and Quebec,Francophone world,France,Esprit critique (editorial association),Academic,"Academic, critical sociology",Free,"Thematic journal issues, online archive",Irregular,Monthly,17,4,8,6,5,5,4,2,-4,Probable duplicate of Esprit; current activity unclear,"Esprit critique is a French language online journal of sociology and social sciences, founded in 1999 by the Quebec sociologist Jean-François Marcotte and published in thematic issues with free access. It is distinct from the Paris review Esprit, and its recent publishing activity could not be confirmed.","An early open access Francophone sociology journal, born online in Quebec in 1999."
413,gal-dem,46,Ideas,Culture / Identity / Politics,https://gal-dem.com,Archive,EN,Europe,United Kingdom,United Kingdom,gal-dem (founder Liv Little; ceased trading 2023),Commercial,"Left, intersectional feminist",Free,"Archive of essays, features, interviews",Archive,Archive Only,17,9,9,4,5,2,3,2,-5,Closed in 2023; archive only,"gal-dem was a London magazine founded in 2015 by Liv Little and written by women and non binary people of colour, which stopped publishing in March 2023. Its website stayed online as an archive of essays on culture, identity and British politics, useful for research but no longer current.",Eight years of British culture and politics written entirely by women and non binary people of colour.
414,Puck,44,Specialist,Power / Media Insider News,https://puck.news,Active,EN,United States,United States,United States,Puck (Heat Media LLC),Commercial,"Insider, elite focused",Paid,"Subscriber newsletters, podcasts",Daily,Monthly,17,5,8,5,4,2,3,4,-4,Insider prestige with a United States focus outside the priorities,"Puck is a subscription media company launched in 2021 whose named writers, who hold equity in the firm, send newsletters on power in Wall Street, Washington, Silicon Valley, Hollywood, media, fashion and art. It is insider reporting for a United States elite audience and sits far from this reader's priorities.",Journalists are part owners and are paid partly by the subscribers their own newsletters attract.
415,Resilience.org,41,Specialist,Energy Transition / Community Resilience,https://www.resilience.org,Active,EN,Global / United States,"Global, mostly Anglophone",United States,Post Carbon Institute,Nonprofit,"Post growth, environmental advocacy",Free,"Republished and original articles, podcasts",Daily,Monthly,15,3,8,4,6,2,3,3,-3,Largely an aggregator with a single advocacy line,"Resilience.org is a website run by the nonprofit Post Carbon Institute that republishes and commissions articles on energy descent, local economies, food systems and community responses to climate change. Skim it occasionally for perspectives on degrowth and adaptation, checking original sources because much of it is aggregated.",A long running digest of post growth and community resilience writing from many small publishers.
416,Morning Brew,36,Specialist,Business Newsletter Digest,https://www.morningbrew.com,Active,EN,United States,United States,United States,Axel Springer,Commercial,"Business friendly, light tone",Free,"Daily email newsletter, podcasts, video",Daily,Monthly,15,5,5,5,4,2,2,4,-6,Aggregator; redundant with FT and Reuters; American business focus,"Morning Brew is a free daily business newsletter from the United States, majority owned by Axel Springer, that summarizes markets, technology and corporate news in a light tone. Use it only as a quick scan, since it aggregates reporting done elsewhere and centres on American business.",A conversational five minute digest of American business news.
417,Loop News Caribbean,30,Regional,Caribbean Digital News,,Closed,EN,Caribbean,"Caribbean, multiple island editions",Jamaica,Digicel Group,Commercial,"Mainstream, commercial",Free,Articles and video (ceased),Archive,Archive Only,14,10,2,5,2,2,2,1,-8,Closed in July 2025; no confirmed archive,"Loop News was a digital news network with editions for many Caribbean territories, owned by the telecom company Digicel, which shut it down in July 2025 after eleven years. It no longer publishes, so the reader should rely on The Gleaner, Barbados Today and Nation News for daily Caribbean coverage.",A telecom owned regional news network whose 2025 closure removed a daily source for many small islands.
